Gender,Age_2,Marital,Parental,Education,Religion,Occupation,CoupleStatus,Income,CouplePeriod,NumCouple,NumCouple_2,Empathy_01,Respect_02,Distancing_03,Growth_04,Patience_05,Growth_06,Respect_07,Distancing_08,Growth_09,Empathy_10,Empathy_11,Patience_12,Growth_13,Patience_14,Respect_15,Distancing_16,Empathy_17,Respect_18,Patience_19,Growth_20,Respect_21,Patience_22,Extraversion_01,Extraversion_02,Extraversion_03,Extraversion_04,Neuroticism_05,Neuroticism_06,Neuroticism_07,Neuroticism_08,Openness_09,Openness_10,Openness_11,Openness_12,Agreeableness_13,Agreeableness_14,Agreeableness_15,Agreeableness_16,Conscientiousness_17,Conscientiousness_18,Conscientiousness_19,Conscientiousness_20,Avoidance_01,Dominance_02,Compromise_03,Accomodation_04,Collaboration_05,Avoidance_06,Dominance_07,Compromise_08,Accomodation_09,Collaboration_10,Avoidance_11,Dominance_12,Compromise_13,Accomodation_14,Collaboration_15,Avoidance_16,Dominance_17,Compromise_18,Accomodation_19,Collaboration_20,Avoidance_21,Dominance_22,Compromise_23,Accomodation_24,Collaboration_25,satisfaction_01,satisfaction_02,satisfaction_03,satisfaction_04,satisfaction_05,satisfaction_06,satisfaction_07,satisfaction_08,satisfaction_09,ADCRS,TD,PD,RD,GD,DD,Extraversion,Neuroticism,Openness,Agreeableness,Conscientiousness,Compromising,Integrating,Obliging,Avoiding,Dominating,PositiveStrategy,NegativeStrategy,CoupleSatisfaction
1,1,1,1,4,1,2,1,2,4,2,,5,4,5,6,6,5,6,4,5,6,6,5,5,6,5,3,5,4,5,6,5,5,4,2,2,3,2,2,3,1,2,2,2,2,3,4,4,4,3,3,4,3,3,2,4,4,4,2,2,3,4,4,3,3,4,4,4,3,2,4,4,4,3,2,3,4,4,4,3,4,5,4,4,4,4,4,112,27,22,24,27,12,11,8,8,15,13,18,20,20,14,11,38,25,36
1,1,1,1,4,1,2,1,5,8,5,5,6,6,5,7,7,5,6,7,7,7,7,7,7,7,6,6,6,5,7,7,6,6,4,4,4,4,1,1,4,2,3,3,3,3,4,4,4,4,4,4,4,4,3,3,3,4,4,4,4,3,3,4,4,4,3,3,4,4,3,3,4,4,4,4,3,3,4,4,3,4,3,4,2,4,3,3,140,34,26,29,33,18,16,8,12,16,16,15,20,17,19,18,35,37,30
1,1,1,1,3,2,1,1,3,4,1,,6,6,5,4,7,6,5,6,7,7,7,6,5,7,5,6,6,5,6,5,6,7,5,5,3,4,1,2,1,2,4,5,4,4,3,4,4,4,4,3,5,4,2,1,4,5,4,1,1,4,4,4,5,2,4,4,5,4,2,3,4,4,4,1,4,4,2,5,5,3,4,5,5,4,5,4,130,33,26,27,27,17,17,6,17,15,16,19,19,21,16,7,38,23,40
1,1,1,1,3,4,1,1,2,2,5,7,3,3,4,2,4,5,4,3,3,2,5,4,3,6,5,4,4,5,4,5,4,5,3,3,3,3,3,2,4,3,3,2,3,3,3,4,3,4,3,3,3,3,3,4,3,3,3,2,3,3,2,3,4,3,3,3,3,3,3,2,3,2,3,3,3,3,3,3,4,2,3,3,2,4,3,3,87,23,14,21,18,11,12,12,11,14,12,14,14,14,15,16,28,31,27
1,1,1,1,4,1,5,1,5,7,5,17,5,3,3,4,6,3,5,5,4,3,5,6,3,5,3,2,4,3,5,4,6,5,5,4,4,4,2,2,2,2,5,5,3,2,3,3,4,3,4,2,3,3,4,3,4,4,4,2,3,3,4,3,3,4,2,2,3,2,4,3,4,3,4,2,3,3,3,5,4,4,5,5,5,5,5,5,92,27,17,20,18,10,17,8,15,13,12,15,16,17,15,16,31,31,43
1,1,1,1,4,2,6,1,2,2,5,6,5,4,6,6,5,4,6,6,6,6,6,4,7,5,4,6,5,4,4,6,4,5,4,3,4,4,2,2,1,2,3,3,2,4,5,4,5,4,4,4,4,4,4,3,4,4,4,3,3,3,4,4,4,3,3,5,4,3,2,3,5,4,3,3,3,4,4,5,3,5,5,5,5,5,5,5,114,23,22,22,29,18,15,7,12,18,16,16,20,22,17,14,36,31,43
1,1,1,1,3,1,1,1,1,1,2,,6,4,5,4,3,4,5,5,3,6,5,3,4,5,3,5,7,3,4,4,5,5,3,2,2,3,1,2,1,3,3,4,3,3,4,1,5,3,3,2,2,3,4,1,3,4,4,2,1,4,4,5,4,4,4,4,5,3,1,4,3,4,4,1,5,4,3,4,4,4,4,4,4,4,5,5,98,20,24,20,19,15,10,7,13,13,10,20,21,19,17,8,41,25,38
1,1,1,1,4,1,2,1,2,2,5,15,4,4,4,4,3,5,2,6,5,6,5,3,5,3,2,6,6,2,3,5,4,4,4,4,4,3,1,1,1,1,4,3,4,3,3,2,4,3,4,4,4,3,1,1,3,4,4,1,1,3,4,4,3,1,4,4,4,1,2,3,4,4,4,2,3,4,4,4,3,3,3,4,2,4,3,3,91,16,21,14,24,16,15,4,14,12,15,16,20,20,10,7,36,17,29
1,1,1,1,3,1,1,1,4,4,5,6,4,3,5,5,4,4,4,4,4,5,5,3,5,3,4,4,4,4,4,5,3,3,4,4,4,4,2,2,2,2,4,4,4,4,4,4,4,4,4,4,4,4,3,3,3,4,4,4,3,4,4,4,4,4,4,4,4,4,4,4,4,4,4,4,4,4,4,4,2,3,3,3,3,3,4,2,89,17,18,18,23,13,16,8,16,16,16,19,20,20,19,18,39,37,27
1,1,1,1,5,2,2,1,2,6,3,,5,6,6,5,7,6,6,6,7,7,7,7,6,7,5,5,6,5,6,6,4,7,4,2,2,3,1,1,1,2,3,3,2,2,4,3,4,4,4,3,4,4,3,2,4,5,4,4,1,4,4,4,4,2,4,4,4,3,2,4,5,4,3,1,2,5,3,5,5,5,5,5,5,5,5,5,132,34,25,26,30,17,11,5,10,15,15,18,19,23,17,8,37,25,45
1,1,1,1,2,1,1,1,3,4,1,,6,3,6,5,2,6,4,5,5,5,4,1,6,3,2,6,6,3,2,5,3,3,4,4,3,4,2,3,4,3,5,4,4,3,4,3,4,3,4,4,4,3,4,3,4,3,4,4,5,4,3,3,3,3,4,4,3,4,5,3,4,4,3,3,4,3,4,4,4,4,5,4,4,4,4,4,91,11,21,15,27,17,15,12,16,14,15,19,18,17,18,19,37,37,37
1,1,1,1,2,1,4,1,1,3,5,12,5,6,5,5,5,4,4,4,4,4,4,4,4,4,4,4,4,4,4,4,4,4,3,3,3,3,3,3,3,3,3,3,3,3,4,2,3,3,3,3,3,3,3,3,3,3,3,3,3,3,3,3,3,3,4,3,3,3,3,3,3,3,3,3,3,3,3,4,4,4,5,4,5,4,5,4,94,21,17,22,21,13,12,12,12,12,12,16,15,15,15,15,31,30,39
1,1,1,1,2,2,8,1,2,1,2,,1,5,5,4,5,5,3,5,3,5,2,4,5,3,2,5,4,5,4,5,2,2,3,3,2,3,4,3,3,4,3,4,4,3,2,3,4,3,2,3,4,3,4,3,3,3,3,4,2,4,5,4,4,3,3,4,3,2,4,3,4,3,3,4,3,2,3,4,3,2,4,1,4,3,2,5,84,18,12,17,22,15,11,14,14,12,12,16,16,18,17,16,32,33,28
1,1,1,1,3,1,1,1,5,3,5,16,7,4,5,6,3,4,3,3,5,6,5,4,5,2,3,4,6,3,3,3,2,3,4,3,3,3,2,4,2,4,5,4,3,4,3,3,4,2,4,3,4,4,2,3,4,3,4,2,3,4,3,3,4,3,4,3,2,3,4,3,4,4,4,3,4,5,3,4,3,4,4,3,4,3,4,3,89,15,24,15,23,12,13,12,16,12,15,19,16,18,15,16,35,31,32
1,1,1,1,4,1,7,1,3,2,3,,5,5,5,5,6,4,6,5,6,6,6,5,6,6,4,5,6,4,5,6,4,6,2,2,2,3,2,2,2,2,3,3,4,3,3,2,5,4,4,2,3,3,4,2,4,3,4,2,1,5,3,4,4,2,4,4,4,5,2,3,3,4,3,1,4,4,5,3,3,3,3,3,3,4,3,4,116,28,23,23,27,15,9,8,13,14,12,20,21,17,18,8,41,26,29
1,1,1,1,4,1,2,1,3,4,5,12,5,3,5,5,2,3,3,4,5,5,4,2,7,3,3,5,6,3,4,2,1,2,5,4,5,5,1,1,1,3,5,5,5,5,5,3,4,3,5,5,5,5,4,4,4,5,5,3,5,5,5,5,4,5,5,5,5,4,2,4,4,4,5,3,4,4,4,4,2,4,5,4,2,4,4,4,82,13,20,13,22,14,19,6,20,15,20,22,23,23,20,19,45,39,33
1,1,1,1,4,3,2,1,5,5,3,,5,5,3,6,6,3,5,6,7,6,7,5,6,7,6,6,6,6,6,7,7,6,4,4,5,5,2,2,3,2,4,3,4,4,4,4,4,4,5,5,5,5,4,4,4,4,3,4,4,4,4,3,4,4,5,4,4,2,2,4,4,4,5,1,4,4,5,4,4,4,4,4,5,5,5,4,127,30,24,29,29,15,18,9,15,16,20,21,19,20,19,15,40,34,39
1,1,1,1,3,1,1,1,2,2,3,,7,4,7,7,4,7,6,7,7,7,7,7,7,7,7,7,7,6,7,7,7,7,5,5,5,5,4,4,4,3,2,5,5,5,5,5,3,5,5,5,5,5,4,3,5,2,4,2,5,4,4,4,3,2,4,2,1,5,1,1,5,5,4,2,3,5,2,5,5,4,2,5,5,4,4,5,146,32,28,30,35,21,20,15,17,18,20,17,16,18,18,13,33,31,39
1,1,1,1,3,2,1,1,3,1,4,,6,3,5,5,2,5,2,5,6,5,6,3,6,3,3,5,5,3,2,5,2,3,4,5,4,5,4,4,4,4,5,4,4,5,4,4,4,4,4,4,4,4,3,2,3,3,2,4,3,4,3,4,3,4,3,3,4,3,4,3,4,3,4,4,3,3,4,4,3,2,3,4,3,2,3,2,90,13,22,13,27,15,18,16,18,16,16,16,17,16,17,17,33,34,26
1,1,1,1,4,1,7,1,5,3,5,8,7,3,7,7,6,6,6,5,6,7,7,6,6,6,6,5,7,6,6,6,6,6,3,3,2,3,1,2,1,4,3,3,3,4,3,3,4,3,5,2,4,4,1,1,4,5,4,1,1,4,3,4,1,2,4,3,4,1,1,4,4,4,4,1,3,4,4,4,4,3,4,4,5,4,5,4,133,30,28,27,31,17,11,8,13,13,15,19,20,19,8,6,39,14,37
1,1,1,1,4,4,4,1,4,8,1,,7,4,6,6,6,6,7,6,7,7,7,6,7,6,6,6,7,4,5,7,6,6,3,2,2,2,1,1,1,3,3,3,3,4,3,4,4,4,4,3,4,4,3,3,5,4,5,1,1,4,4,5,5,3,4,4,5,3,3,5,5,5,4,1,3,5,4,5,5,3,5,4,5,5,5,4,135,29,28,27,33,18,9,6,13,15,15,21,24,22,16,11,45,27,41
1,1,1,1,3,1,1,1,2,6,3,,5,6,3,6,7,6,7,1,6,3,6,2,3,1,1,2,6,6,2,6,6,2,4,4,3,4,4,4,1,4,1,4,2,4,5,1,5,3,2,4,3,4,4,3,2,2,4,3,3,4,3,2,5,1,5,1,4,4,3,3,4,2,3,2,4,3,5,2,1,2,1,3,2,5,4,4,93,14,20,26,27,6,15,13,11,14,13,18,17,13,19,12,35,31,24
1,1,1,1,3,1,1,1,2,3,3,,4,4,4,4,4,4,4,4,4,4,4,5,4,5,4,4,4,3,4,4,4,5,4,4,3,3,2,2,1,3,4,4,4,4,3,4,4,2,3,2,4,3,3,4,4,4,4,3,3,4,4,4,4,2,4,4,4,1,1,4,4,4,4,2,4,4,4,5,4,4,5,4,5,5,5,5,90,23,16,19,20,12,14,8,16,13,12,20,20,20,15,12,40,27,42
1,1,1,1,4,1,2,1,2,5,5,5,4,5,5,5,4,4,3,5,4,4,5,3,4,3,4,5,4,3,3,4,4,4,3,4,4,3,2,3,4,4,3,5,3,4,3,4,4,3,4,4,3,3,3,2,3,2,4,4,3,3,4,4,3,3,4,4,4,3,3,4,3,5,4,4,4,2,3,3,2,4,3,3,2,4,2,3,89,17,17,19,21,15,14,13,15,14,14,18,20,15,17,15,38,32,26
1,1,1,1,4,1,1,1,2,2,2,,5,4,5,6,4,5,4,3,5,3,4,6,4,2,1,5,4,3,3,4,4,3,4,4,3,4,2,2,3,2,3,4,3,3,2,4,5,3,2,4,2,3,4,3,2,3,2,3,5,3,3,2,4,3,4,2,3,2,3,4,4,3,3,2,4,5,3,3,4,4,3,2,4,4,3,2,87,18,16,16,24,13,15,9,13,14,11,17,13,17,16,16,30,32,29
1,2,1,1,4,1,2,1,2,4,3,,6,4,5,5,5,6,3,4,6,5,5,6,4,5,3,5,3,4,4,5,5,6,4,4,3,4,3,2,3,2,4,3,4,4,3,3,4,4,3,4,4,4,3,3,4,4,4,3,2,3,4,4,4,2,3,4,4,2,3,4,4,4,2,2,3,4,4,4,4,4,4,4,4,4,4,4,104,26,19,19,26,14,15,10,15,14,15,17,20,20,14,12,37,26,36
1,2,1,1,4,3,4,1,2,8,1,,6,4,6,6,4,6,4,5,5,6,6,4,6,4,4,5,6,3,4,5,4,4,4,3,2,3,2,2,2,2,3,3,3,3,4,3,4,3,4,3,4,4,3,3,4,4,4,4,3,4,4,4,4,3,4,4,4,3,3,4,4,4,3,3,3,4,4,4,4,4,4,4,4,4,4,4,107,20,24,19,28,16,12,8,12,14,15,19,20,20,17,15,39,32,36
1,2,1,1,4,1,2,1,3,1,5,7,5,4,5,4,6,4,4,5,5,5,6,6,4,6,4,5,6,5,4,4,5,6,5,4,3,4,3,2,2,3,3,4,3,3,3,3,4,3,4,3,4,3,3,2,4,4,4,2,1,4,4,4,4,2,4,4,4,3,2,3,4,4,4,1,2,4,3,3,4,3,5,3,4,4,5,4,108,28,22,22,21,15,16,10,13,13,14,17,19,20,16,8,36,24,35
1,2,1,1,4,2,2,1,2,2,2,,7,1,6,5,3,4,2,7,7,7,7,6,7,7,4,6,7,3,6,7,4,7,4,2,3,3,3,3,1,4,3,3,3,4,5,2,4,5,5,3,4,4,3,3,4,4,5,1,1,4,5,5,5,3,5,5,5,3,1,3,3,5,5,1,3,5,4,4,4,4,4,4,5,4,5,4,120,29,28,14,30,19,12,11,13,16,16,19,24,22,17,9,43,26,38
1,2,1,1,4,1,3,1,4,7,5,11,3,4,2,5,3,3,4,5,5,6,6,6,3,5,3,3,4,3,4,5,3,6,2,2,2,2,2,2,2,3,3,3,3,3,4,3,4,3,4,2,4,3,4,3,4,3,4,2,2,4,3,4,4,3,3,4,4,3,2,4,4,4,3,2,3,4,4,4,4,4,5,4,5,4,5,4,91,24,19,17,21,10,8,9,12,14,13,18,20,18,16,12,38,28,39
1,3,1,1,5,1,5,1,3,9,4,,6,4,5,6,4,5,2,5,5,5,6,4,6,2,5,3,5,4,3,4,4,4,5,5,4,4,2,3,2,1,5,5,4,4,3,4,4,3,3,4,3,4,4,3,4,4,5,3,2,2,2,4,4,3,5,2,3,3,2,3,3,3,2,2,4,2,2,5,4,4,5,4,5,5,5,4,97,17,22,19,26,13,18,8,18,14,14,18,17,13,16,12,35,28,41
1,3,1,1,4,1,6,1,3,4,4,,6,3,6,5,2,5,3,7,7,6,5,4,5,4,3,5,5,2,4,5,3,3,3,3,3,3,5,5,4,5,2,2,2,4,4,4,4,4,5,3,4,5,4,4,4,5,4,3,2,3,4,4,4,3,3,4,4,4,4,3,4,3,4,3,3,3,3,3,3,3,3,2,3,3,3,2,98,17,22,14,27,18,12,19,10,16,17,16,18,20,19,16,34,35,25
1,3,1,1,4,1,2,1,3,3,5,8,3,2,5,2,1,6,2,4,5,3,3,4,7,6,3,4,4,2,2,5,2,5,5,4,4,5,5,3,4,3,5,5,4,4,3,3,5,4,4,3,2,4,4,3,5,4,4,2,5,3,4,4,4,5,3,4,2,4,3,3,4,5,2,3,3,4,3,4,3,3,1,4,4,4,4,3,80,18,13,11,25,13,18,15,18,15,13,17,18,20,16,19,35,35,30
1,3,1,1,4,5,2,1,4,3,5,5,4,4,4,3,4,5,3,5,5,6,5,3,4,4,4,5,4,5,5,4,4,4,5,5,5,4,3,4,4,4,4,4,4,4,3,3,3,3,4,4,4,4,3,3,3,3,3,4,4,4,4,4,4,3,3,3,4,4,4,4,3,3,4,4,4,4,4,4,4,3,4,4,4,4,4,4,94,20,19,20,21,14,19,15,16,12,16,18,18,17,19,18,36,37,35
1,3,1,1,4,1,5,1,2,7,3,,6,4,5,5,2,5,2,6,6,6,6,5,6,5,4,5,5,3,3,5,5,5,4,3,2,3,2,3,4,2,3,3,2,4,4,4,4,4,4,3,3,4,4,2,4,3,4,2,2,4,4,3,4,3,4,4,4,4,2,3,3,4,4,2,3,4,3,4,4,3,4,3,4,3,4,4,104,20,23,18,27,16,12,11,12,16,14,18,18,18,18,11,36,29,33
1,3,1,1,4,2,2,1,4,6,4,,6,5,7,3,6,4,6,6,5,6,6,7,5,7,7,6,6,5,3,5,5,6,3,4,2,4,2,2,1,2,4,4,4,4,4,2,5,4,4,3,3,3,3,1,5,4,5,1,1,5,3,4,5,1,3,4,4,2,1,2,3,4,5,1,3,4,5,4,4,4,4,4,5,4,5,4,122,29,24,28,22,19,13,7,16,15,13,18,22,18,16,5,40,21,38
1,1,1,1,4,1,5,2,2,2,2,,6,4,5,5,5,5,4,5,6,6,5,5,5,6,6,5,6,4,5,5,6,5,4,3,4,4,3,2,3,4,2,2,2,4,4,4,4,2,4,4,4,3,4,3,4,4,5,3,2,3,4,4,4,3,4,4,4,3,2,3,4,4,3,1,3,4,4,4,3,3,3,1,5,2,3,3,114,26,23,24,26,15,15,12,10,14,15,17,21,20,17,11,38,28,27
1,1,1,1,5,1,1,2,5,6,3,,5,6,5,6,7,4,6,5,6,6,6,6,6,6,5,5,6,6,4,5,5,4,4,4,4,4,2,2,3,4,4,4,4,4,3,3,5,4,5,3,5,5,4,3,4,5,4,2,1,4,5,4,5,2,3,5,4,4,2,3,5,3,1,1,2,5,4,5,4,4,4,4,5,4,4,3,120,27,23,28,27,15,16,11,16,15,18,16,19,25,16,9,35,25,37
1,1,1,1,3,1,1,2,3,2,2,,4,5,5,4,4,4,4,5,5,6,6,5,3,5,5,4,5,4,5,5,4,5,4,4,4,4,2,2,2,2,2,3,4,4,4,4,4,4,4,4,4,4,3,2,3,3,3,3,4,2,4,4,4,4,3,3,2,2,1,4,3,3,2,3,3,4,3,4,4,3,4,4,4,4,3,4,102,24,21,22,21,14,16,8,13,16,16,15,15,17,14,14,30,28,34
1,1,1,1,2,1,7,2,1,3,1,,5,4,6,6,4,5,4,7,5,5,6,4,3,4,5,5,5,4,3,3,3,4,4,3,2,3,4,4,4,5,4,5,3,2,4,2,3,2,3,2,4,4,3,3,4,5,4,2,2,4,4,5,5,3,4,4,4,3,2,4,4,4,3,2,3,4,3,4,2,3,4,3,3,3,4,4,100,19,21,20,22,18,12,17,14,11,13,19,20,21,16,12,39,28,30
1,1,1,1,3,1,1,2,3,2,2,,5,3,5,5,3,5,3,5,5,5,5,4,5,4,3,5,5,4,3,5,3,4,4,4,4,4,3,3,3,3,4,4,4,4,4,4,4,4,4,4,4,4,4,4,4,4,4,4,4,4,4,4,4,4,4,4,4,4,4,4,4,4,4,4,4,4,4,4,4,4,4,4,4,4,4,4,94,18,20,16,25,15,16,12,16,16,16,20,20,20,20,20,40,40,36
1,1,1,1,2,4,8,2,3,2,5,12,5,3,6,6,5,3,6,6,6,6,6,6,6,6,6,6,6,5,7,6,3,7,5,4,2,4,4,3,4,2,4,4,2,3,4,4,4,4,4,3,4,4,3,2,4,4,4,4,1,3,4,2,3,2,3,4,4,3,2,3,4,4,4,1,3,4,4,4,2,3,5,4,5,1,5,1,122,31,23,23,27,18,15,13,13,16,15,16,18,20,17,8,34,25,30
1,1,1,1,4,5,7,2,1,2,2,,6,6,6,7,4,7,6,6,7,7,6,6,6,5,7,6,6,6,2,7,5,5,4,2,4,3,5,3,4,3,5,5,5,5,5,3,5,3,5,5,5,5,3,1,4,4,4,1,1,5,5,4,4,2,4,4,4,2,2,3,4,4,2,2,4,4,4,4,4,2,3,2,4,4,4,4,129,22,25,30,34,18,13,15,20,16,20,20,20,21,12,8,40,20,31
1,1,1,1,3,4,1,2,2,3,1,,5,4,5,5,6,5,5,5,5,5,5,5,5,4,5,5,5,5,3,5,6,4,4,4,3,3,2,2,2,2,4,4,4,4,3,4,3,4,4,3,4,4,4,1,4,4,4,4,1,4,4,4,4,1,4,4,4,4,1,4,4,3,3,1,2,4,4,4,4,4,4,3,4,2,5,3,107,22,20,25,25,15,14,8,16,14,15,18,19,20,19,5,37,24,33
1,1,1,1,3,1,1,2,5,4,5,13,7,3,6,7,7,5,5,7,7,6,7,6,6,6,5,6,7,5,6,6,7,6,3,2,4,3,2,1,4,4,2,3,4,5,4,5,4,4,5,4,5,4,4,4,4,4,4,3,2,4,5,4,5,2,4,5,4,3,2,4,5,4,4,2,4,5,4,5,4,4,5,4,4,4,5,4,133,31,27,25,31,19,12,11,14,17,18,20,20,24,19,12,40,31,39
1,1,1,1,3,1,1,2,3,1,1,,6,4,5,3,3,2,5,4,3,5,6,3,3,3,5,5,5,4,3,3,5,4,2,2,2,2,3,2,2,3,2,2,2,3,4,1,4,4,4,2,4,4,3,2,4,4,4,4,1,4,4,4,4,2,3,4,4,1,2,4,4,4,4,1,3,4,4,4,4,3,4,4,4,4,4,4,89,16,22,23,14,14,8,10,9,13,14,18,20,20,16,8,38,24,35
1,1,1,1,4,2,5,2,2,4,3,,7,3,7,5,4,5,1,6,4,5,5,2,4,5,2,6,7,3,4,7,2,3,5,3,3,5,1,1,1,1,4,3,5,3,3,4,5,4,3,4,5,4,5,3,3,4,4,4,5,2,4,4,5,3,4,5,2,5,4,3,3,4,2,3,2,2,4,5,1,5,5,5,1,5,5,5,97,18,24,11,25,19,16,4,15,16,16,14,18,18,21,18,32,39,37
1,1,1,1,4,1,3,2,2,2,3,,4,4,4,5,4,5,3,4,5,3,4,4,4,5,3,6,5,3,3,4,4,4,3,4,3,3,3,3,2,3,2,2,2,4,2,4,3,3,3,3,3,3,3,2,3,3,3,2,2,3,3,2,4,2,3,4,3,3,2,3,3,3,3,3,3,3,3,3,4,3,4,3,4,3,4,3,90,20,16,17,23,14,13,11,10,12,12,15,14,16,15,11,29,26,31
1,2,1,1,4,2,2,2,2,2,4,,5,3,6,6,2,5,5,5,5,6,6,4,5,4,3,6,6,4,5,6,4,5,5,5,5,5,2,1,3,2,5,5,5,5,4,4,3,4,4,4,3,3,1,4,4,3,3,2,2,4,3,4,4,4,4,4,5,2,4,4,3,4,5,3,3,4,3,4,4,4,5,4,5,4,5,4,106,20,23,19,27,17,20,8,20,15,14,19,19,17,14,17,38,31,39
1,2,1,1,2,1,3,2,1,3,5,20,4,3,4,5,2,4,5,3,5,5,5,3,4,4,3,3,6,3,4,4,3,3,3,2,1,2,2,3,3,4,3,2,2,2,3,2,3,2,3,3,3,3,2,3,3,4,4,2,1,2,3,3,2,3,2,4,4,3,3,3,3,3,4,2,2,4,3,2,4,3,2,1,5,1,2,3,85,16,20,17,22,10,8,12,9,10,12,12,17,18,13,12,29,25,23
1,2,1,1,5,1,2,2,3,6,3,,5,4,3,3,3,4,4,4,3,4,4,4,3,5,3,6,4,4,4,3,5,5,2,3,3,2,2,3,3,2,2,3,4,4,3,2,3,3,2,2,2,2,2,4,3,4,4,5,5,3,4,3,2,3,4,3,3,3,3,2,2,2,5,4,3,3,2,2,3,2,4,4,2,3,3,2,87,21,17,20,16,13,10,10,13,11,8,15,14,16,17,19,29,36,25
1,2,1,1,4,3,1,2,2,3,3,,6,2,6,5,2,6,5,6,6,6,6,4,6,5,3,6,5,3,6,5,5,5,3,3,4,3,3,4,4,3,3,3,4,3,3,3,4,4,3,3,4,4,3,3,4,4,4,4,4,3,3,3,4,4,5,4,4,4,3,4,4,5,4,4,4,4,5,4,4,2,4,4,2,4,4,3,109,22,23,18,28,18,13,14,13,14,14,20,21,19,19,18,41,37,31
1,2,1,1,4,1,4,2,3,5,4,,6,3,4,5,3,6,4,5,5,6,4,4,4,3,5,4,5,4,4,3,4,4,4,4,3,5,2,3,2,3,4,2,3,4,3,4,4,3,3,4,3,2,3,4,3,3,2,3,4,3,3,3,2,3,3,3,4,3,3,2,3,4,3,3,2,3,4,4,3,3,2,3,4,3,2,3,95,18,21,20,23,13,16,10,13,14,12,13,17,15,14,17,30,31,27
1,2,1,1,2,2,2,2,2,6,5,10,5,3,4,4,4,4,3,4,5,5,4,4,4,3,4,5,4,4,3,4,4,3,3,3,2,3,3,2,4,4,3,3,2,2,4,3,4,3,4,2,3,4,3,3,4,4,4,3,1,3,4,4,4,2,3,4,4,2,1,4,3,3,4,1,2,4,3,5,5,5,5,1,5,1,5,4,87,17,18,18,21,13,11,13,10,14,13,16,18,19,16,8,34,24,36
1,2,1,1,4,1,4,2,2,3,5,10,6,5,7,7,6,7,6,5,7,7,7,7,7,7,6,7,7,6,7,7,7,7,4,4,3,3,1,1,5,3,5,5,3,5,4,1,4,4,5,5,5,5,2,1,5,5,5,1,1,5,4,5,3,3,5,5,5,5,1,5,5,5,5,1,4,5,5,4,3,3,2,3,3,3,4,3,145,34,27,30,35,19,14,10,18,13,20,24,25,24,16,7,49,23,28
1,3,1,1,4,3,5,2,4,5,5,7,6,4,6,6,4,5,4,5,5,6,6,4,5,4,4,6,5,4,4,5,4,3,5,5,4,4,3,3,3,3,5,5,4,5,3,3,4,3,4,4,5,5,3,1,4,3,5,2,1,4,4,4,4,2,3,4,4,2,1,2,3,4,2,1,1,3,3,4,5,4,5,4,5,4,5,4,105,19,23,20,26,17,18,12,19,13,18,14,20,17,13,6,34,19,40
1,3,1,1,4,1,2,2,2,5,4,,4,3,4,4,3,4,3,4,5,4,4,4,4,3,4,5,4,4,4,5,4,4,4,4,3,4,4,3,4,3,3,3,3,3,3,3,4,3,4,3,3,3,3,4,3,3,3,4,3,3,4,4,3,3,3,3,3,4,3,3,4,3,3,3,3,4,3,3,2,3,3,3,2,3,3,3,87,18,16,18,22,13,15,14,12,13,13,15,16,18,17,16,31,33,25
1,3,1,1,4,1,3,2,3,1,3,,5,3,5,4,2,3,3,4,3,5,5,4,5,4,5,5,6,3,3,4,3,3,2,2,2,2,4,4,3,4,2,2,2,2,5,5,4,4,4,2,3,3,5,2,4,4,3,3,2,4,4,4,4,2,4,5,4,4,3,4,4,3,5,2,4,4,3,4,4,3,4,3,4,3,4,3,87,16,21,17,19,14,8,15,8,18,12,20,17,21,21,11,37,32,32
1,3,1,1,4,2,6,2,2,3,4,,5,5,6,6,5,5,5,6,6,5,6,5,6,6,6,5,6,5,3,6,5,6,3,2,3,2,3,2,4,4,4,4,4,4,3,2,4,4,4,2,3,4,4,3,4,4,5,3,2,4,4,3,3,4,4,4,4,4,3,4,4,4,4,3,3,4,4,4,4,4,4,3,4,4,4,4,119,25,22,26,29,17,10,13,16,13,13,19,20,20,18,15,39,33,35
1,3,1,1,4,3,4,2,1,2,3,,5,4,4,3,4,4,4,4,4,5,3,4,4,4,5,4,4,4,4,5,3,3,3,3,4,3,3,3,2,3,3,3,3,3,3,4,3,3,3,3,3,3,3,3,3,4,3,3,3,2,3,3,3,3,3,3,3,3,3,3,3,3,4,3,3,3,3,3,4,3,4,3,4,3,3,3,88,19,17,20,20,12,13,11,12,13,12,14,15,16,16,15,29,31,30
2,1,1,1,2,1,3,1,2,7,5,10,5,2,4,4,4,4,4,4,5,5,5,4,4,3,4,4,5,3,4,4,3,3,4,4,3,4,3,3,2,2,4,4,4,4,3,3,3,3,3,3,3,4,2,2,2,3,3,3,2,3,3,3,2,3,4,3,3,3,2,2,3,3,3,3,4,3,4,3,4,3,4,3,4,3,3,3,87,18,20,16,21,12,15,10,16,12,13,15,16,15,13,12,31,25,30
2,1,1,1,4,1,2,1,3,4,3,,5,3,5,7,4,6,5,6,6,5,6,6,6,7,2,7,7,3,6,6,6,7,3,3,4,4,4,2,4,3,5,4,2,3,4,2,4,3,4,4,4,4,2,1,4,4,4,2,1,4,5,5,3,2,5,5,5,4,2,3,5,5,3,1,3,4,5,4,5,4,4,4,4,4,5,3,121,30,23,19,31,18,14,13,14,13,16,19,24,23,14,7,43,21,37
2,1,1,1,5,2,1,1,5,1,2,,6,4,3,6,3,4,3,4,5,6,4,5,5,2,3,5,6,2,3,4,3,5,4,4,4,5,2,1,4,4,1,2,4,5,5,4,4,2,5,5,4,5,4,3,4,4,4,3,1,3,4,4,4,3,4,3,4,2,4,3,3,4,4,1,4,4,4,5,5,3,5,5,5,5,5,5,91,18,22,15,24,12,17,11,12,15,19,18,20,18,17,12,38,29,43
2,1,1,1,4,2,5,1,2,2,2,,5,3,5,5,3,5,5,5,5,5,5,3,5,6,4,3,5,4,5,4,4,5,4,4,3,4,2,3,3,2,4,4,3,3,3,4,4,4,4,3,3,4,2,3,4,3,4,2,2,3,3,4,3,4,4,2,3,3,3,3,3,3,3,2,4,3,3,4,4,2,4,4,4,3,4,3,99,22,20,20,24,13,15,10,14,15,14,18,17,14,13,14,35,27,32
2,1,1,1,4,1,7,1,2,8,1,,4,3,4,4,5,4,4,5,5,4,4,5,3,4,3,4,4,4,4,3,4,4,3,4,3,2,3,4,4,3,3,3,2,3,3,4,3,3,3,3,3,3,4,3,2,3,4,3,2,3,4,3,3,3,3,4,2,3,3,2,3,4,3,3,3,3,3,3,4,3,2,3,3,3,2,3,88,22,16,18,19,13,12,14,11,13,12,13,16,17,16,14,29,30,26
2,1,1,1,4,1,1,1,1,5,4,,6,3,6,6,2,6,5,6,7,5,6,5,6,6,3,6,6,2,6,7,6,6,4,4,3,5,4,3,1,3,5,5,2,4,4,4,5,2,5,4,4,5,1,3,3,2,4,1,1,4,3,5,2,2,4,2,5,1,2,4,3,4,5,1,3,3,5,5,4,4,5,4,3,5,5,4,117,25,23,19,32,18,16,11,16,15,18,18,23,13,10,9,41,19,39
2,1,1,1,3,2,1,1,1,2,3,,5,2,6,7,2,5,2,6,7,6,3,5,5,6,3,5,6,4,5,7,5,6,5,5,4,4,2,1,2,1,5,5,4,5,5,4,4,5,4,4,4,4,1,5,4,4,5,2,2,4,5,5,4,4,5,4,4,5,4,4,3,4,4,5,4,4,2,5,4,4,5,4,5,4,4,4,108,24,20,16,31,17,18,6,19,18,16,21,20,20,16,20,41,36,39
2,1,1,1,4,4,2,1,2,4,4,,5,3,4,5,2,5,3,5,6,4,4,3,5,2,3,6,5,3,3,5,2,3,3,4,4,4,4,4,4,3,3,4,4,4,3,4,5,4,4,4,4,3,3,4,4,4,5,4,3,1,3,1,3,3,3,4,3,4,3,5,4,4,4,3,3,4,4,3,2,4,2,4,2,3,2,5,86,13,18,14,26,15,15,15,15,16,15,16,17,19,18,16,33,34,27
2,1,1,1,2,1,1,1,5,1,5,6,7,2,6,4,1,3,1,5,3,6,6,1,4,2,3,6,7,2,1,3,3,2,4,2,1,3,3,2,1,5,3,3,2,2,4,3,5,4,5,4,5,5,3,3,5,4,4,3,2,5,4,5,4,4,5,4,5,1,3,5,3,3,4,2,4,4,2,4,2,2,2,3,5,3,5,3,78,7,26,11,17,17,10,11,10,16,19,24,19,19,15,14,43,29,29
2,1,1,1,4,2,2,1,2,3,3,,6,3,5,5,3,4,5,4,5,5,6,4,5,3,3,5,5,4,2,5,4,4,4,4,4,4,4,4,3,4,3,3,3,4,4,2,4,4,4,4,3,3,2,3,4,3,4,2,2,4,3,4,4,3,4,3,4,2,2,3,3,4,3,2,3,3,4,4,4,4,4,4,4,4,4,4,95,16,22,19,24,14,16,15,13,14,14,18,20,15,13,12,38,25,36
2,1,1,1,4,1,5,1,4,8,3,,5,3,4,7,6,7,6,7,7,7,7,7,7,7,3,6,4,2,7,7,3,7,4,4,5,5,4,5,5,5,2,2,3,3,4,2,4,1,4,5,4,4,5,3,4,5,4,2,2,4,4,4,4,4,4,4,4,3,5,4,4,4,5,2,4,4,4,5,5,4,5,5,5,5,5,5,126,34,23,17,35,17,18,19,10,11,17,20,20,21,19,16,40,35,44
2,1,1,1,4,4,5,1,3,8,4,,5,6,4,4,7,4,3,5,5,5,5,5,5,6,4,5,4,4,5,5,3,6,5,4,4,3,2,3,3,4,2,2,2,2,4,3,4,3,5,4,4,5,3,3,3,4,3,2,2,3,4,4,4,3,3,3,3,2,3,4,3,3,3,3,3,3,4,5,5,4,5,4,5,5,5,4,105,29,19,20,23,14,16,12,8,14,18,16,17,17,14,14,33,28,42
2,1,1,1,4,1,2,1,2,6,2,,6,4,2,4,5,4,5,5,5,6,5,7,5,7,4,4,7,5,7,5,4,7,2,3,1,2,4,4,5,4,2,2,2,2,3,3,3,3,4,1,3,3,2,2,3,2,3,2,3,3,3,3,4,3,3,3,3,3,2,3,3,3,3,3,2,3,4,3,5,3,5,4,5,4,5,5,113,33,24,22,23,11,8,17,8,12,11,14,16,14,14,13,30,27,39
2,1,1,1,4,3,2,1,3,4,1,,5,3,6,6,7,5,5,5,6,5,5,6,6,6,4,5,6,6,5,5,6,7,2,2,1,2,3,4,2,4,3,4,2,3,4,5,4,4,4,2,5,5,3,1,4,4,4,2,1,4,5,3,4,1,3,4,3,2,2,3,4,3,2,1,3,4,3,4,4,3,5,4,5,5,5,4,120,31,21,24,28,16,7,13,12,17,16,17,16,21,13,6,33,19,39
2,1,1,1,4,1,2,1,2,2,2,,4,5,4,5,4,5,3,3,4,4,5,2,5,3,5,4,3,4,3,4,5,4,3,2,3,4,5,4,3,4,3,3,3,3,3,2,4,4,4,2,3,3,2,4,3,3,2,3,3,2,3,4,2,3,5,4,3,2,3,4,3,4,4,3,4,4,4,2,3,3,4,4,3,3,3,3,88,16,16,22,23,11,12,16,12,13,12,18,17,17,13,16,35,29,28
2,1,1,1,4,1,1,1,2,8,1,,6,4,4,4,3,3,4,4,4,6,5,5,4,5,4,4,5,3,3,4,4,4,2,3,2,2,2,2,4,3,3,3,3,4,3,3,3,3,4,3,4,4,4,3,3,3,3,4,2,3,3,3,3,3,4,3,3,3,3,3,3,2,2,2,3,3,2,3,4,3,4,3,4,3,3,3,92,20,22,19,19,12,9,11,13,12,15,16,13,15,16,13,29,29,30
2,1,1,1,4,2,2,1,2,3,5,7,6,3,6,5,4,4,2,5,5,5,4,2,5,3,2,3,3,4,3,2,3,4,5,4,3,3,4,5,4,3,3,4,4,4,3,4,4,4,2,4,2,4,5,3,4,5,4,4,3,4,4,2,4,4,3,5,4,4,3,5,4,5,4,3,3,2,4,5,2,3,1,3,2,2,1,3,83,16,18,14,21,14,15,16,15,15,12,19,19,20,21,16,38,37,22
2,1,1,1,4,1,2,1,4,8,1,,5,3,5,6,5,5,5,5,6,6,6,4,5,5,5,5,6,3,5,5,5,5,4,4,3,4,4,4,4,4,2,3,2,2,3,4,2,2,3,2,3,2,4,2,2,3,2,4,2,2,2,3,4,2,4,3,3,4,3,3,4,3,4,2,2,3,2,3,2,3,4,4,2,3,3,3,110,24,23,21,27,15,15,16,9,11,10,13,13,15,20,11,26,31,27
2,1,1,1,3,1,1,1,1,1,2,,5,3,5,5,4,4,5,5,5,6,6,5,5,6,4,5,5,4,5,6,4,5,4,3,2,3,3,3,3,4,4,4,4,2,4,3,4,4,4,3,4,4,4,2,4,4,4,4,3,4,4,4,4,3,4,4,3,4,4,4,4,3,3,4,4,4,4,4,3,3,3,4,4,3,4,3,107,25,22,20,25,15,12,13,14,15,15,20,18,20,19,16,38,35,31
2,1,1,1,4,1,2,1,4,4,3,,6,3,3,3,2,2,3,4,4,6,6,3,6,3,2,5,6,2,3,4,2,3,3,3,2,3,2,2,4,4,3,4,2,4,3,4,3,3,4,3,4,3,4,3,4,3,4,2,4,4,3,4,3,4,4,3,4,3,4,4,3,4,4,3,3,4,4,4,3,3,3,4,3,4,4,4,81,14,24,12,19,12,11,12,13,13,14,19,20,16,16,18,39,34,32
2,1,1,1,4,3,2,1,4,8,1,,5,4,3,4,6,4,5,5,4,5,6,5,5,4,5,5,5,3,4,5,3,3,4,4,4,4,3,4,4,3,4,4,4,4,3,4,4,4,4,4,4,4,1,3,3,3,3,1,3,3,3,4,4,4,4,3,3,1,5,4,3,4,4,4,4,4,4,3,3,4,4,3,4,3,4,3,98,22,21,20,22,13,16,14,16,15,16,18,18,16,11,19,36,30,31
2,2,1,1,4,1,2,1,2,4,4,,5,3,6,6,3,6,3,6,6,6,5,5,6,5,3,4,3,5,4,4,3,3,1,1,1,3,2,5,3,4,3,4,2,4,4,3,4,3,4,3,4,3,5,1,4,4,2,5,2,2,5,2,4,2,2,4,3,4,2,1,5,3,4,1,3,4,1,4,4,4,4,4,5,3,5,3,100,20,19,17,28,16,6,14,13,14,14,12,11,22,22,8,23,30,36
2,2,1,1,5,3,2,1,3,3,3,,5,5,5,4,5,4,5,5,5,5,5,4,5,4,3,5,5,3,4,4,3,4,2,2,2,2,4,4,4,4,3,2,2,3,4,3,4,3,5,4,4,4,4,3,3,3,3,2,2,4,3,3,4,3,4,3,4,4,3,3,3,4,3,3,4,3,4,4,4,4,5,3,5,4,4,4,97,21,20,19,22,15,8,16,10,14,17,18,18,15,17,14,36,31,37
2,2,1,1,4,1,2,1,3,4,5,10,6,4,6,7,3,4,3,7,5,5,5,4,3,4,4,5,5,3,2,5,5,3,4,4,4,4,4,2,2,2,4,4,5,5,2,4,3,3,5,3,5,4,4,3,5,3,3,5,2,4,3,4,4,4,4,3,4,3,2,2,4,4,5,3,4,3,5,4,5,4,5,3,5,5,5,5,98,16,21,19,24,18,16,10,18,12,17,19,20,16,21,14,39,35,41
2,2,1,1,4,1,6,1,3,8,3,,7,2,5,6,6,6,6,6,7,7,7,6,7,7,4,6,7,3,6,6,6,6,2,3,2,2,3,3,3,4,2,2,1,2,4,4,4,4,5,5,5,5,3,2,4,4,4,2,2,4,4,4,4,2,4,4,4,3,2,3,4,4,3,2,3,4,4,4,4,4,4,5,5,4,5,4,129,31,28,21,32,17,9,13,7,16,20,18,20,20,15,10,38,25,39
2,2,1,1,4,1,2,1,1,9,4,,5,3,3,4,1,2,3,3,4,3,5,2,5,3,2,3,4,2,1,5,2,3,2,3,3,4,5,4,5,4,2,2,2,3,4,4,4,2,3,4,3,5,3,4,3,4,3,3,4,4,1,3,2,5,3,3,4,3,4,2,1,3,4,3,4,2,3,3,2,2,3,3,2,3,2,3,68,10,17,12,20,9,12,18,9,14,15,16,16,11,15,20,32,35,23
2,2,1,1,5,4,2,1,2,4,3,,5,6,6,5,2,6,6,6,6,6,6,6,6,6,6,6,6,4,6,6,6,6,2,2,2,4,2,3,2,3,4,3,2,2,2,4,3,4,3,3,3,3,3,1,4,3,4,2,1,4,3,3,3,2,4,4,4,2,4,4,3,3,4,1,2,4,4,4,4,2,4,4,4,3,4,3,124,26,23,28,29,18,10,10,11,13,12,18,18,17,14,9,36,23,32
2,2,1,1,5,2,5,1,4,8,3,,5,4,5,5,3,4,5,5,5,5,5,5,5,5,5,5,5,4,4,5,5,4,3,3,3,3,2,2,4,3,4,4,3,4,3,3,3,4,4,4,4,4,3,2,3,3,3,2,1,3,3,3,4,3,4,4,4,3,3,3,4,3,4,3,3,3,3,4,4,4,4,3,4,4,5,4,103,21,20,23,24,15,12,11,15,13,16,16,16,17,16,12,32,28,36
2,2,1,1,4,1,2,1,3,4,3,,4,4,4,4,4,4,4,4,4,4,4,5,4,5,4,4,4,3,4,4,4,5,3,3,3,3,2,2,2,2,3,3,3,3,3,3,3,3,3,3,3,3,3,3,3,3,3,3,3,3,3,3,3,3,3,3,3,3,3,3,3,3,3,3,3,3,3,3,4,3,4,3,4,3,3,3,90,23,16,19,20,12,12,8,12,12,12,15,15,15,15,15,30,30,30
2,2,1,1,4,1,2,1,2,3,3,,5,3,4,3,3,4,3,3,4,6,6,5,5,4,4,3,5,3,4,5,3,4,2,2,2,2,4,3,3,4,2,2,2,4,4,2,4,4,4,4,4,3,4,2,3,3,3,2,2,4,4,4,4,3,4,2,3,2,3,3,3,2,4,2,3,3,2,3,4,2,3,3,3,3,3,2,89,20,22,16,21,10,8,14,10,14,15,17,14,15,16,12,31,28,26
2,2,1,1,4,1,2,1,2,6,3,,5,3,6,5,5,5,5,5,6,5,5,6,6,6,5,5,5,3,6,6,6,6,4,4,4,4,4,3,3,3,4,4,4,3,4,4,4,4,4,4,4,4,3,3,4,4,4,3,2,4,4,4,4,3,4,4,4,3,3,4,4,4,3,2,3,4,4,3,5,4,5,3,5,4,5,4,115,29,20,22,28,16,16,13,15,16,16,19,20,20,16,13,39,29,38
2,2,1,1,4,2,2,1,3,1,5,7,5,4,6,6,6,7,7,7,7,7,7,7,7,7,7,7,5,6,5,7,6,6,3,3,2,2,1,1,3,5,5,5,5,5,3,1,5,5,5,1,5,5,3,1,4,4,3,3,1,3,3,4,4,1,4,3,5,2,1,1,3,4,3,1,2,4,4,5,5,4,4,5,5,5,5,4,139,31,24,30,34,20,10,10,20,14,16,14,20,17,15,5,34,20,42
2,3,1,1,2,1,6,1,2,7,4,,5,3,5,7,5,6,4,6,7,7,7,5,5,5,4,5,5,4,3,5,4,3,4,3,4,4,3,4,4,3,4,4,3,4,4,4,3,4,4,3,4,4,3,2,3,3,3,2,3,2,3,3,2,3,2,3,3,2,3,3,2,2,2,3,2,2,2,4,4,3,4,4,2,4,4,3,110,21,24,19,30,16,15,14,15,15,15,12,13,13,11,14,25,25,32
2,3,1,1,4,1,4,1,1,8,5,20,6,1,6,4,2,1,2,5,6,6,6,1,5,1,1,6,7,2,2,4,2,1,3,3,2,1,4,4,4,4,4,3,3,4,3,1,3,2,5,2,5,5,4,1,4,3,4,1,3,3,3,3,3,3,3,3,3,3,3,3,3,3,4,3,3,4,3,1,4,1,4,1,5,1,4,1,77,7,25,8,20,17,9,16,14,9,17,16,16,16,15,13,32,28,22
2,3,1,1,5,1,2,1,3,9,3,,5,5,4,5,3,5,5,5,5,5,5,4,5,6,3,6,5,3,4,5,3,3,5,5,5,5,1,1,4,3,4,4,4,5,3,4,4,4,5,4,4,4,3,4,3,1,3,3,4,3,2,3,3,4,4,2,3,3,4,2,2,3,3,4,2,2,4,3,2,4,3,3,2,4,3,3,99,20,20,19,25,15,20,9,17,15,17,14,16,9,15,20,30,35,27
2,3,1,1,4,1,5,1,4,4,5,5,6,4,6,6,6,6,6,6,6,6,6,6,6,6,5,5,6,6,6,6,6,6,4,4,4,3,3,4,4,4,4,4,4,4,4,4,4,4,4,2,4,4,3,2,4,4,4,2,2,4,4,4,4,2,3,4,4,2,2,2,4,4,4,2,3,4,4,5,5,4,5,4,5,4,5,4,128,30,24,27,30,17,15,15,16,16,14,16,20,20,15,10,36,25,41
2,1,1,1,4,1,5,2,2,3,2,,5,2,6,2,5,4,4,3,6,3,2,5,6,6,2,6,5,3,2,4,2,3,3,4,2,2,2,3,2,4,5,5,3,3,4,4,5,3,4,4,4,4,4,3,4,4,4,4,2,3,5,4,4,3,4,4,5,5,3,4,4,3,4,2,3,4,2,3,3,2,3,2,4,2,5,2,86,21,15,13,22,15,11,11,16,16,16,18,18,21,21,13,36,34,26
2,1,1,1,4,1,7,2,2,6,3,,2,3,5,6,2,2,3,6,6,5,6,3,6,3,5,3,6,5,2,4,5,3,2,1,1,1,4,4,3,2,2,2,3,3,2,5,3,2,2,1,3,2,4,2,4,4,4,2,3,4,4,4,4,2,3,4,3,4,2,3,4,2,4,3,3,4,3,4,4,4,4,3,3,4,5,4,91,13,19,21,24,14,5,13,10,12,8,17,16,20,18,12,33,30,35
2,1,1,1,3,1,1,2,4,1,1,,6,5,5,5,6,5,4,5,5,5,5,6,5,6,6,5,5,5,6,5,4,4,2,2,2,4,3,4,2,4,3,3,3,2,5,4,4,3,5,2,3,3,5,3,3,3,3,3,2,3,3,3,4,2,3,3,3,3,3,3,3,3,4,2,3,4,3,3,4,3,4,3,4,3,3,3,113,28,21,24,25,15,10,13,11,16,13,15,15,16,19,12,30,31,30
2,1,1,1,4,4,7,2,3,3,4,,5,4,6,5,2,4,3,6,4,4,4,3,4,3,4,5,5,4,3,4,5,4,3,2,2,3,2,2,3,3,4,4,3,2,3,3,4,4,3,3,3,3,5,2,4,4,4,4,1,4,4,4,4,3,4,3,3,4,4,4,4,3,4,2,3,4,2,4,3,4,4,3,4,2,4,3,91,15,18,20,21,17,10,10,13,14,12,19,16,19,21,12,35,33,31
2,1,1,1,3,2,1,2,4,2,1,,6,4,5,5,4,3,5,5,4,5,5,4,5,4,5,4,5,5,4,4,5,5,3,2,2,2,4,4,3,4,2,2,2,2,3,3,3,4,4,2,4,4,3,3,4,3,4,2,2,4,3,4,3,2,4,3,4,3,2,3,3,4,3,2,3,3,4,4,3,4,2,3,4,2,3,2,101,21,21,24,21,14,9,15,8,13,14,18,20,15,14,11,38,25,27
2,1,1,1,4,1,2,2,3,6,5,6,6,3,6,6,1,5,5,6,6,7,7,4,5,5,5,5,6,3,4,5,2,3,4,4,5,4,4,2,5,5,4,4,4,5,4,4,5,2,5,5,5,5,2,3,4,4,5,2,2,4,4,4,4,4,5,4,5,1,4,4,4,5,4,2,4,5,4,4,2,3,3,4,2,3,4,3,105,17,26,18,27,17,17,16,17,15,20,21,23,21,13,15,44,28,28
2,1,1,1,4,2,7,2,1,4,3,,6,4,5,5,6,5,6,6,7,7,7,6,7,6,6,6,7,6,7,6,6,6,3,3,2,2,2,4,3,5,4,5,5,5,4,4,4,3,3,2,4,4,4,3,4,5,5,2,3,4,5,4,5,3,4,4,5,2,3,3,4,4,2,3,4,4,4,5,5,5,5,5,5,5,5,5,133,31,27,28,30,17,10,14,19,15,13,19,22,22,15,15,41,30,45
2,1,1,1,3,1,1,2,4,1,1,,6,5,5,5,3,5,6,5,5,6,6,4,5,5,5,4,6,4,4,5,5,4,3,2,2,2,2,5,3,4,3,3,2,3,4,2,4,4,4,3,3,3,3,2,4,3,4,3,2,4,3,4,3,3,4,3,3,3,3,3,3,4,4,2,3,3,3,4,4,3,4,3,4,3,4,3,108,20,24,25,25,14,9,14,11,14,13,18,18,15,16,12,36,28,32
2,1,1,1,4,1,2,2,2,4,5,10,5,2,5,4,2,3,3,5,5,4,5,2,5,2,4,5,4,3,2,4,2,3,2,2,1,3,3,1,1,2,1,1,1,2,2,2,2,2,3,2,3,2,5,3,3,2,3,4,3,3,4,3,4,3,3,3,3,4,4,3,3,3,4,3,3,3,3,4,3,4,4,3,5,3,3,3,79,11,18,14,21,15,8,7,5,8,10,15,15,15,21,16,30,37,32
2,1,1,1,4,3,5,2,5,2,3,,5,3,5,6,5,6,4,5,5,5,6,4,5,5,3,5,5,2,3,5,4,4,2,2,3,2,2,2,2,4,2,2,2,2,4,4,4,4,5,4,4,4,4,2,4,4,4,4,2,4,3,4,4,2,4,3,4,4,2,3,3,2,4,2,2,4,2,4,4,3,4,4,4,4,4,4,100,21,21,16,27,15,9,10,8,16,17,17,16,17,20,10,33,30,35
2,1,1,1,4,1,2,2,3,3,5,6,5,4,4,4,3,4,3,4,4,5,5,3,4,3,4,4,5,3,4,4,3,3,2,2,3,3,3,4,3,4,3,3,3,3,4,2,3,4,4,4,4,3,3,3,3,4,4,3,3,4,4,3,3,3,3,4,3,4,3,4,3,4,4,3,3,4,3,4,3,3,3,3,4,3,3,3,85,16,20,17,20,12,10,14,12,13,15,17,17,19,17,15,34,32,29
2,1,1,1,3,1,1,2,2,4,2,,5,1,4,5,1,5,3,3,5,5,6,3,5,4,2,5,6,1,3,5,1,3,2,1,1,4,3,1,4,3,3,3,3,4,2,4,4,2,4,3,4,4,3,4,4,2,4,2,5,3,1,2,2,5,3,1,3,1,5,3,1,2,4,5,2,1,3,4,4,3,4,3,2,3,2,3,81,14,22,8,25,12,8,11,13,12,15,15,14,6,12,24,29,36,28
2,1,1,1,4,2,2,2,5,2,4,,5,2,5,3,2,4,3,6,4,6,6,3,5,3,2,5,6,2,4,5,3,2,5,5,5,5,4,4,4,2,2,4,2,4,4,4,4,4,4,3,5,5,3,4,3,4,3,3,2,4,4,4,3,4,4,3,4,2,4,3,3,3,2,4,3,5,4,5,5,5,5,5,5,5,5,5,86,14,23,12,21,16,20,14,12,16,17,17,18,19,13,18,35,31,45
2,1,1,1,4,2,7,2,2,1,3,,5,4,3,3,3,2,3,3,3,5,5,4,2,3,3,3,5,3,5,3,4,4,4,4,5,4,4,2,2,2,3,3,2,3,2,1,4,4,5,5,4,5,3,3,4,2,4,4,2,4,2,4,4,3,4,1,5,1,2,4,3,4,2,2,3,3,4,3,4,3,3,4,5,4,4,3,78,19,20,17,13,9,17,10,11,11,19,19,21,11,14,12,40,26,33
2,1,1,1,4,1,2,2,3,5,2,,5,3,4,3,6,3,3,5,5,5,5,2,5,2,3,3,5,3,3,4,3,3,4,4,3,3,2,4,1,3,4,4,3,4,5,5,4,5,5,3,5,5,4,2,4,3,4,4,2,4,4,4,2,4,4,4,4,3,3,4,4,3,2,2,4,3,4,4,3,2,2,2,2,1,2,1,83,16,20,15,20,12,14,10,15,19,18,20,19,18,15,13,39,28,19
2,2,1,1,5,1,1,2,2,6,5,5,4,2,5,5,3,5,2,3,5,4,4,6,6,5,3,3,4,3,2,4,3,6,4,4,4,4,4,4,4,4,4,2,2,4,3,5,4,3,3,3,3,3,2,4,4,3,3,1,3,3,3,4,3,4,3,3,4,1,4,3,2,4,5,4,3,4,5,3,5,4,4,4,5,5,5,4,87,22,16,13,25,11,16,16,12,15,12,16,20,15,12,19,36,31,39
2,2,1,1,4,1,8,2,2,5,1,,5,3,3,4,3,5,3,4,6,6,6,4,5,3,4,4,6,3,4,4,3,2,3,4,3,5,3,3,4,5,3,2,2,4,3,3,4,3,5,2,3,3,2,4,3,3,4,3,2,2,3,4,4,2,4,3,4,3,2,4,3,4,5,2,3,4,3,4,4,4,3,3,3,3,3,3,90,16,23,16,24,11,15,15,11,13,13,16,19,16,17,12,35,29,30
2,2,1,1,4,2,2,2,2,7,1,,5,3,4,6,4,5,4,5,6,6,6,5,5,4,5,6,6,5,4,5,5,5,4,4,3,4,2,2,4,3,3,3,4,5,4,5,4,3,3,2,3,3,2,3,4,3,4,2,2,4,3,4,3,2,5,3,4,2,4,3,2,3,2,2,4,3,4,4,1,3,5,3,3,3,2,4,109,22,23,22,27,15,15,11,15,16,11,20,19,14,11,13,39,24,28
2,2,1,1,2,4,2,2,1,3,5,7,4,4,5,5,4,4,5,4,4,5,4,5,4,4,5,4,5,4,4,4,5,5,3,4,3,3,2,3,4,3,2,3,3,4,4,3,3,3,4,4,4,4,2,3,4,3,5,2,3,4,3,3,3,2,4,3,4,3,3,4,3,3,2,3,3,3,4,3,4,3,4,1,5,1,3,3,97,22,18,23,21,13,13,12,12,13,16,19,19,15,12,14,38,26,27
2,2,1,1,4,1,4,2,1,4,4,,6,3,3,4,3,5,5,4,5,5,5,4,5,5,3,3,5,3,4,5,3,4,2,2,2,2,3,3,4,4,1,1,3,4,2,3,3,3,4,2,3,3,3,3,3,2,2,3,3,3,2,3,3,3,3,2,2,3,3,3,2,3,3,3,3,3,3,4,2,3,5,3,3,3,3,2,92,20,21,17,24,10,8,14,9,11,12,15,13,11,15,15,28,30,28
2,3,1,1,4,4,2,2,2,3,4,,5,3,3,4,3,4,3,3,4,5,5,3,5,4,3,4,6,3,3,4,4,3,3,2,2,3,3,4,4,4,2,3,2,2,3,4,3,4,4,3,4,3,3,3,3,3,2,3,3,3,3,2,3,3,3,3,2,3,2,2,4,3,3,3,3,2,3,3,4,3,3,3,4,3,3,3,84,16,21,16,21,10,10,15,9,14,14,14,12,15,15,14,26,29,29
2,3,1,1,4,2,2,2,2,2,3,,6,3,5,5,2,5,3,4,5,4,5,5,5,3,3,6,5,3,3,5,5,4,4,4,3,2,2,2,3,2,4,4,3,4,2,4,4,2,4,3,3,4,4,2,2,4,2,4,2,4,4,3,4,3,2,2,2,4,3,2,3,2,3,2,4,4,2,4,4,2,3,2,3,3,4,3,94,17,20,17,25,15,13,9,15,12,14,14,11,17,19,12,25,31,28
2,3,1,1,4,4,2,2,2,1,4,,4,4,4,1,2,4,4,4,4,4,4,2,5,2,4,4,4,4,2,1,5,2,1,1,1,1,1,5,4,5,1,1,1,4,1,1,1,3,5,1,1,2,3,3,3,3,3,3,3,3,2,3,3,2,2,2,2,2,2,3,3,3,3,3,3,3,3,1,1,5,1,5,4,1,1,1,74,10,16,21,15,12,4,15,7,6,9,14,14,13,14,13,28,27,20
2,4,1,1,5,2,2,2,4,8,1,,6,3,5,5,3,4,3,5,5,6,6,3,5,3,3,5,6,3,3,4,3,3,3,4,3,3,4,3,2,3,3,3,2,3,4,3,4,4,5,3,5,5,4,1,3,4,4,3,1,4,4,4,5,3,4,5,5,4,2,3,5,3,5,1,2,5,3,4,4,4,3,4,2,4,5,4,92,15,24,15,23,15,13,12,11,15,18,16,19,23,21,8,35,29,34
2,3,3,3,5,4,8,1,5,8,5,6,4,6,5,4,7,4,5,6,7,7,7,3,6,7,6,4,7,2,7,6,3,6,4,3,3,5,4,3,3,5,4,3,3,4,4,2,5,5,5,5,5,5,3,1,5,4,4,1,1,4,5,5,5,4,4,3,5,1,1,2,3,5,1,1,1,3,5,3,2,3,3,4,4,3,3,2,119,30,25,22,27,15,15,15,14,16,20,16,24,18,11,8,40,19,27
2,4,3,1,2,4,2,1,2,9,4,,6,2,6,4,6,4,3,6,6,6,6,4,5,7,3,7,7,4,6,6,4,7,3,2,4,2,2,2,3,4,3,3,2,2,4,4,4,4,5,3,4,4,3,2,4,4,3,2,2,3,4,4,4,3,3,4,4,2,2,3,3,4,3,1,3,4,4,4,4,3,3,4,3,3,3,2,115,30,25,16,25,19,11,11,10,16,16,16,19,19,14,10,35,24,29
1,2,2,3,4,2,2,1,4,8,5,10,6,2,6,6,4,4,4,6,5,5,5,5,4,5,5,5,5,4,4,4,5,4,4,4,4,4,2,2,3,3,4,4,4,4,4,4,4,4,4,4,4,4,2,1,4,4,4,2,2,4,4,4,4,2,4,4,4,3,2,4,4,4,2,2,3,4,4,4,3,3,4,4,4,4,5,3,103,22,21,20,23,17,16,10,16,16,16,19,20,20,13,9,39,22,34
1,2,2,1,4,3,2,1,2,8,5,5,7,2,6,6,5,6,4,7,7,7,7,6,7,7,4,6,7,3,6,7,6,6,3,4,4,3,1,1,2,3,3,2,2,3,4,4,5,5,5,4,5,5,2,3,4,5,3,1,2,4,5,5,5,3,3,4,5,2,3,5,5,5,1,2,3,5,4,5,5,5,5,5,5,5,5,5,129,30,28,19,33,19,14,7,10,18,19,19,22,24,11,13,41,24,45
1,2,2,2,5,1,2,1,3,8,5,17,4,4,4,4,4,3,5,3,4,4,3,5,3,4,5,3,4,4,4,3,5,5,3,2,3,3,3,4,4,4,3,4,4,4,4,3,5,4,5,4,4,4,2,3,4,3,3,4,4,2,4,4,3,3,2,3,4,4,4,5,4,3,2,1,2,3,4,1,4,3,2,5,2,3,4,1,87,22,15,23,17,10,11,15,15,16,17,15,18,17,15,15,33,30,25
1,2,2,1,4,2,5,1,4,8,2,,6,4,5,5,4,2,5,7,5,6,6,7,5,7,6,6,6,6,6,5,7,6,4,3,2,4,2,2,1,3,2,2,2,4,4,2,5,4,4,3,4,4,5,1,4,4,4,3,2,4,4,3,4,4,3,4,4,4,2,3,4,3,4,2,1,4,2,4,5,4,5,4,4,4,5,4,122,30,24,28,22,18,13,8,10,15,15,15,16,20,20,11,31,31,39
1,2,2,1,5,2,5,1,2,5,4,,5,4,5,5,5,4,5,5,5,5,5,5,5,5,4,4,5,4,5,5,5,5,3,3,2,2,2,3,2,2,2,2,2,3,3,3,4,3,4,2,3,3,4,2,4,3,4,2,2,4,4,3,3,3,4,3,4,4,2,3,3,4,2,2,2,4,3,4,4,4,4,4,2,4,4,4,105,25,20,22,24,14,10,9,9,13,12,17,18,17,15,11,35,26,34
1,2,2,1,4,3,2,1,4,6,5,9,6,3,6,6,5,6,4,6,6,6,6,6,6,6,4,5,5,4,5,6,4,5,4,4,4,4,2,2,3,3,4,4,3,4,4,4,4,4,5,5,4,4,3,3,4,4,4,3,3,4,4,4,4,4,4,4,4,2,3,4,4,4,4,3,4,4,4,4,2,4,2,4,4,4,4,4,116,27,23,19,30,17,16,10,15,16,18,20,20,20,16,16,40,32,32
1,2,2,2,4,3,2,1,3,4,2,,7,2,5,4,5,2,5,4,5,4,3,3,4,5,3,5,4,5,6,2,2,2,4,3,2,3,3,3,4,4,3,2,3,4,4,4,4,3,3,2,2,3,4,3,2,3,4,4,3,2,3,4,3,2,3,3,3,3,2,2,4,4,4,3,2,1,1,2,3,4,1,5,1,4,3,2,87,21,18,17,17,14,12,14,12,15,10,11,16,14,18,13,27,31,25
1,2,2,3,4,1,3,1,2,8,5,7,5,4,5,5,6,4,4,6,6,6,6,6,6,6,4,5,5,4,5,5,5,5,4,3,3,4,2,2,2,2,4,3,2,3,4,4,4,4,4,3,4,4,4,2,4,4,4,3,2,4,4,4,4,2,3,4,4,4,2,3,4,4,2,2,3,4,4,4,4,4,4,4,4,4,4,4,113,28,22,21,26,16,14,8,12,16,15,17,20,20,17,10,37,27,36
1,2,2,1,5,1,2,1,3,7,5,6,6,2,6,5,4,5,5,5,6,6,6,5,6,7,3,5,6,4,3,5,4,6,4,5,4,4,2,1,2,1,3,3,2,3,2,4,4,3,3,3,4,3,3,1,3,4,3,4,2,4,4,4,3,3,4,3,4,2,3,4,4,4,3,2,3,3,4,5,5,4,5,4,5,5,5,5,110,25,24,18,27,16,17,6,11,13,13,18,19,18,15,11,37,26,43
1,2,2,3,4,1,5,1,1,9,1,,6,2,6,7,1,7,2,6,6,6,6,2,6,1,2,6,6,3,3,6,1,1,5,4,5,5,5,5,5,5,5,5,4,5,5,4,5,5,5,4,5,5,4,4,4,4,4,5,5,5,5,5,5,4,5,5,5,5,4,4,4,5,5,5,5,5,5,4,3,4,4,4,2,4,4,3,92,8,24,10,32,18,19,20,19,19,19,23,24,23,24,22,47,46,32
1,2,2,2,2,2,4,1,2,7,4,,6,3,6,4,7,5,6,7,7,6,6,6,7,6,4,5,6,3,4,4,4,4,3,3,3,4,3,3,4,4,3,4,3,2,5,5,5,5,5,4,5,5,4,1,5,5,5,3,1,5,4,5,5,1,5,4,5,2,3,4,4,5,5,2,3,4,2,5,4,3,5,4,5,5,5,5,116,27,24,20,27,18,13,14,12,20,19,22,22,21,19,8,44,27,41
1,2,2,4,4,1,3,1,3,9,5,5,7,3,5,6,6,5,4,5,5,6,6,6,5,6,4,4,6,3,5,5,6,6,3,2,3,3,4,1,3,3,2,2,2,2,4,1,4,3,4,3,3,3,4,1,3,3,3,2,1,3,4,3,3,3,3,3,3,2,2,1,4,3,3,1,2,4,3,4,3,4,4,4,4,4,4,4,114,29,25,20,26,14,11,11,8,12,13,12,15,18,14,8,27,22,35
1,2,2,3,5,3,2,1,2,8,3,,3,4,4,4,6,5,4,2,3,5,4,5,3,4,3,3,3,4,3,4,5,2,3,2,3,3,4,4,2,3,3,4,4,5,1,2,3,3,4,4,3,3,3,2,3,3,3,4,4,2,2,3,3,4,4,5,4,5,2,2,2,1,5,5,5,5,2,2,3,3,3,4,1,3,3,3,83,20,15,20,19,9,11,13,16,9,14,16,13,17,20,17,29,37,25
1,2,2,3,2,1,4,1,2,10,4,,7,3,4,6,7,1,7,7,6,6,7,3,3,5,5,5,5,4,3,3,4,5,5,2,3,4,4,2,2,3,3,4,2,4,4,5,4,3,5,3,5,5,3,3,4,4,4,4,2,4,3,3,3,1,3,3,2,3,2,2,2,3,2,2,3,4,3,4,4,4,4,4,5,5,5,5,106,23,25,23,19,16,14,11,13,16,18,16,15,16,15,10,31,25,40
1,2,2,2,4,3,2,1,5,8,5,5,5,3,4,4,3,4,3,4,4,5,5,4,4,5,4,4,4,3,4,4,4,5,4,4,3,4,2,2,1,3,4,4,3,3,4,3,4,3,4,3,4,4,3,3,3,4,3,4,3,3,4,3,4,3,3,4,3,4,3,3,4,3,3,4,3,3,4,3,3,2,3,4,3,3,3,4,89,21,19,17,20,12,15,8,14,14,15,15,16,19,18,16,31,34,28
1,2,2,2,4,1,2,1,2,8,4,,5,4,5,4,3,5,2,5,4,3,5,4,5,5,4,4,4,4,6,5,3,5,4,4,4,3,3,4,4,3,4,3,4,4,4,4,4,3,3,4,4,4,3,3,4,4,3,3,4,4,4,3,3,3,3,3,3,4,3,4,3,4,4,3,3,3,3,4,2,4,4,3,3,5,5,4,94,23,17,17,23,14,15,14,15,15,15,18,16,17,17,16,34,33,34
1,2,2,1,4,1,2,1,4,9,5,10,4,4,4,4,4,4,4,4,4,4,4,5,4,5,4,4,4,3,4,4,4,5,4,4,4,4,2,3,3,2,2,3,3,3,3,3,4,3,3,3,3,3,3,3,3,3,3,3,2,3,3,3,3,3,3,3,3,3,3,3,3,3,3,3,3,4,4,4,2,4,5,4,5,4,5,4,90,23,16,19,20,12,16,10,11,13,12,15,16,16,15,14,31,29,37
1,2,2,2,5,1,2,1,4,10,5,6,5,4,5,5,4,4,4,4,5,5,5,5,5,5,5,5,5,4,5,5,4,4,4,4,4,4,2,2,2,3,4,3,4,4,4,4,4,4,4,4,4,4,3,3,4,4,4,2,1,4,4,4,4,2,4,4,4,1,1,4,4,4,3,1,2,4,4,5,5,5,5,5,5,5,5,5,102,23,20,21,24,14,16,9,15,16,16,18,20,20,13,8,38,21,45
1,2,2,3,5,4,2,1,4,8,3,,6,3,5,6,3,4,5,5,6,5,5,5,5,5,6,5,6,5,5,6,4,5,2,2,2,2,4,3,2,2,2,2,2,3,4,3,3,3,4,3,4,4,4,2,5,5,4,3,2,4,4,2,3,4,5,5,4,3,2,4,4,4,5,2,2,4,3,2,2,1,2,2,1,2,3,1,110,23,22,23,27,15,8,11,9,13,15,20,17,22,18,12,37,30,16
1,2,2,2,5,3,2,1,4,8,1,,5,5,4,5,7,4,5,5,5,5,5,5,4,6,5,4,5,4,4,4,5,5,2,2,2,2,2,2,2,4,2,2,2,3,3,3,3,3,3,3,4,3,3,2,3,3,3,1,1,3,3,4,3,1,3,3,4,4,2,3,3,4,3,1,2,3,4,5,3,3,4,4,4,5,5,4,106,27,20,24,22,13,8,10,9,12,13,14,19,15,14,7,33,21,37
1,2,2,4,4,1,2,1,3,10,5,10,5,6,5,6,7,6,4,7,6,6,6,6,6,7,2,6,6,3,6,6,6,6,4,4,3,4,4,5,5,5,4,5,5,4,4,5,4,3,3,4,4,4,4,2,3,4,4,3,2,2,2,2,2,3,3,2,3,3,3,3,2,2,4,4,3,3,4,4,2,4,4,4,4,4,4,4,124,32,23,21,30,18,15,19,18,16,15,14,15,13,16,14,29,30,34
1,2,2,2,4,1,2,1,2,5,5,10,4,4,4,5,3,4,4,5,5,5,5,4,5,4,4,4,4,4,4,4,4,4,3,3,2,2,2,2,2,2,2,2,2,2,4,3,4,3,3,2,2,2,3,2,3,3,3,3,3,3,3,3,3,3,3,4,3,3,3,3,3,3,3,3,3,3,3,3,4,2,4,3,3,3,4,4,93,19,18,20,23,13,10,8,8,14,9,15,15,16,15,14,30,29,30
1,2,2,2,4,4,2,1,4,6,5,7,4,4,4,4,4,4,4,4,4,4,4,5,4,5,4,4,4,3,4,4,4,5,3,3,3,3,2,2,2,2,3,3,3,3,3,3,3,3,3,3,3,3,3,3,3,3,3,3,3,3,3,3,3,3,3,3,3,3,3,3,3,3,3,3,3,3,3,3,4,3,4,3,4,3,3,3,90,23,16,19,20,12,12,8,12,12,12,15,15,15,15,15,30,30,30
1,2,2,1,4,2,2,1,2,4,5,5,4,3,3,4,4,3,5,4,3,6,3,4,5,4,4,3,4,3,3,4,4,4,3,4,2,2,2,3,3,3,4,4,3,3,3,3,4,4,2,4,3,3,3,3,2,4,4,3,3,2,4,3,4,4,4,3,3,3,2,2,3,4,4,4,3,4,4,3,3,4,4,3,3,4,2,4,84,19,17,19,19,10,11,11,14,14,12,13,18,18,17,16,31,33,30
1,2,2,1,4,2,5,1,2,8,1,,7,7,6,6,6,4,3,4,4,5,4,4,5,4,4,3,4,4,3,4,4,5,3,4,3,3,4,3,3,3,3,3,4,3,3,3,3,3,3,3,3,3,4,2,3,4,3,3,2,3,2,3,4,3,3,3,3,3,2,3,4,3,3,3,2,3,3,3,2,3,4,3,3,4,3,3,100,22,20,22,23,13,13,13,13,12,12,14,15,16,17,12,29,29,28
1,2,2,1,4,1,2,1,4,7,2,,7,3,4,6,4,4,4,4,4,7,7,4,6,6,6,5,6,3,3,4,2,4,2,2,2,2,2,4,2,4,2,4,4,3,3,1,5,3,5,4,4,4,5,2,4,4,4,1,1,3,4,4,4,5,1,3,4,2,5,3,3,4,4,3,2,4,4,4,4,3,3,3,3,3,5,3,103,21,27,18,24,13,8,12,13,12,17,13,20,18,16,16,33,32,31
1,3,2,3,4,4,2,1,4,9,2,,6,3,5,6,6,4,4,5,5,5,5,3,5,3,3,5,5,3,3,5,3,3,3,3,3,3,2,2,2,2,3,3,3,3,3,3,3,3,3,3,3,3,3,2,3,3,3,3,2,3,3,3,3,3,3,3,3,3,2,3,3,3,2,2,3,3,3,3,4,3,4,3,4,3,3,3,95,18,21,16,25,15,12,8,12,12,12,15,15,15,14,11,30,25,30
1,3,2,1,4,4,4,1,4,5,5,5,5,4,5,6,7,5,6,4,5,6,6,6,6,7,5,5,4,5,6,6,5,7,4,4,4,5,2,3,3,3,3,3,4,4,4,4,4,4,4,4,4,4,2,2,3,4,3,3,1,4,4,5,4,3,4,4,5,2,2,4,5,5,2,1,1,4,4,5,5,3,5,5,5,5,5,5,121,33,21,25,28,14,17,11,14,16,16,16,22,21,13,9,38,22,43
1,3,2,2,4,1,2,1,5,10,2,,5,3,4,4,3,3,4,5,5,3,3,4,6,5,4,5,4,4,3,3,4,4,4,4,4,4,3,3,4,4,3,3,4,4,3,4,4,4,5,4,5,4,4,2,3,3,4,4,1,5,4,5,5,4,4,5,4,4,1,4,4,4,5,1,3,4,4,4,3,4,4,4,4,4,4,4,88,19,15,19,21,14,16,14,14,15,18,19,21,20,22,9,40,31,35
1,3,2,2,4,1,2,1,4,9,2,,6,4,4,3,3,4,3,5,5,4,4,3,6,3,4,4,5,3,3,4,5,4,5,3,2,4,3,2,2,2,3,3,3,3,3,4,4,4,3,3,3,4,3,3,3,4,2,2,3,3,3,4,3,3,4,4,3,2,3,3,4,4,3,3,3,3,3,4,3,3,4,3,3,4,3,4,89,16,19,19,22,13,14,9,12,15,13,16,16,18,13,15,32,28,31
1,3,2,2,4,3,5,1,5,10,5,6,5,4,4,5,4,3,4,4,4,5,5,3,5,4,4,3,3,4,3,5,5,5,3,4,4,2,2,3,3,3,3,3,2,2,3,4,4,3,4,3,4,3,3,3,4,4,4,4,3,3,3,4,2,4,3,2,3,2,2,2,3,3,3,4,3,3,3,4,4,3,4,3,4,4,5,4,91,19,18,21,22,11,13,11,10,14,14,15,17,15,14,16,32,30,35
1,3,2,2,4,3,2,1,3,6,5,7,6,5,4,5,3,5,4,5,6,5,5,2,5,4,4,5,5,2,2,5,4,4,4,4,4,5,5,4,3,2,4,5,2,2,3,5,5,4,3,3,2,2,4,2,3,3,4,4,3,3,4,4,3,3,4,3,3,3,3,4,4,4,4,2,3,3,3,1,5,2,1,2,1,1,1,1,95,15,21,19,26,14,17,14,13,17,10,17,18,17,18,13,35,31,15
1,3,2,3,5,2,2,1,4,9,5,5,5,4,5,5,2,4,3,5,6,5,5,4,5,4,3,5,5,4,4,4,4,4,3,4,3,3,3,3,2,3,3,4,3,5,3,3,4,3,3,3,3,3,3,2,3,3,4,3,1,4,3,3,4,3,3,3,3,3,2,3,3,3,4,1,3,4,3,3,3,2,3,3,4,3,4,2,95,18,20,18,24,15,13,11,15,13,12,16,16,16,17,9,32,26,27
1,3,2,2,4,4,2,1,3,9,5,6,7,6,6,4,2,6,5,6,6,6,7,3,6,3,6,6,7,6,2,5,6,3,3,4,1,4,3,4,2,4,4,4,5,5,4,4,4,5,5,2,5,5,5,2,4,5,4,3,1,3,5,4,4,2,2,5,3,5,1,2,5,3,2,1,2,5,3,4,5,4,3,4,5,5,5,5,114,13,27,29,27,18,12,13,18,17,17,13,17,25,19,7,30,26,40
1,3,2,3,4,4,2,1,5,9,2,,7,4,5,5,4,3,4,4,5,5,5,4,4,5,4,4,5,4,4,5,4,5,2,2,2,3,4,3,3,4,2,1,2,4,4,3,3,3,4,3,4,4,4,3,3,4,4,3,2,4,3,3,4,3,3,4,3,2,2,3,3,3,3,1,2,4,2,4,4,4,4,4,5,4,5,4,99,22,22,20,22,13,9,14,9,13,15,15,15,18,16,11,30,27,38
1,3,2,3,5,3,2,1,5,9,5,10,6,3,3,5,6,5,4,6,6,5,5,6,5,6,4,5,5,3,6,6,3,5,5,5,5,5,1,1,4,4,3,3,3,2,2,2,5,4,5,5,5,5,2,4,4,4,4,2,4,4,4,4,4,4,4,3,4,2,4,4,3,4,2,4,4,4,4,2,3,4,4,3,3,3,4,3,108,29,21,17,27,14,20,10,11,13,20,20,20,18,12,20,40,32,29
1,3,2,3,4,3,2,1,3,10,1,,6,4,6,7,7,5,6,6,6,7,7,7,7,7,6,6,7,3,7,7,6,7,3,4,3,3,1,1,1,2,5,5,5,5,4,4,5,5,5,5,4,4,3,1,5,5,4,4,1,4,4,5,4,2,4,4,4,2,1,2,3,5,2,1,4,4,5,5,5,5,5,5,5,4,5,5,137,35,27,25,32,18,13,5,20,18,18,19,23,20,15,6,42,21,44
1,3,2,2,4,1,2,1,5,8,3,,6,2,6,6,1,2,2,6,2,5,6,4,5,4,4,6,6,3,3,4,3,4,5,5,5,5,3,3,4,1,4,4,4,4,2,2,4,4,4,4,4,3,3,3,3,4,3,4,1,3,4,3,3,1,3,3,3,3,3,3,3,3,3,3,3,3,3,3,4,3,4,3,4,3,3,3,90,16,23,14,19,18,20,11,16,12,15,15,15,17,16,11,30,27,30
1,3,2,4,4,3,3,1,3,9,4,,6,3,5,6,3,6,4,6,6,7,7,6,6,6,3,5,6,3,5,6,4,6,4,4,3,3,2,2,4,4,3,3,4,4,4,4,4,3,4,4,4,4,3,1,4,4,5,2,1,4,4,5,4,3,4,4,4,3,3,4,4,4,3,1,3,4,4,4,4,4,4,4,5,4,4,4,115,26,26,17,30,16,14,12,14,15,16,19,22,20,15,9,41,24,37
1,3,2,3,5,3,5,1,4,9,5,5,5,5,6,5,4,3,5,5,5,6,5,5,5,6,5,5,5,3,6,5,3,6,4,4,4,4,2,2,2,4,4,3,4,5,5,4,4,2,4,4,4,4,3,3,4,3,4,2,2,4,4,4,4,4,4,4,4,4,3,4,3,4,3,2,3,4,4,4,3,4,4,5,5,4,4,3,108,27,21,21,23,16,16,10,16,15,16,19,20,18,16,14,39,30,36
1,3,2,2,5,3,2,1,5,6,5,10,5,3,6,5,5,5,4,5,5,6,5,5,5,6,4,5,5,3,5,5,4,6,4,4,4,4,2,2,3,2,4,4,4,4,4,4,4,4,4,4,4,4,3,3,4,4,4,2,2,4,4,4,4,3,4,4,4,3,2,4,4,4,3,2,3,4,4,4,5,4,4,4,5,4,5,3,107,27,21,18,25,16,16,9,16,16,16,19,20,20,15,12,39,27,38
1,3,2,1,4,1,2,1,3,3,5,5,6,2,7,7,7,7,7,6,6,7,6,6,7,6,6,5,6,3,6,6,6,6,4,3,4,2,1,2,1,2,4,4,3,4,3,4,4,2,4,4,4,4,2,3,4,4,4,1,1,5,4,4,5,4,4,4,4,2,3,4,4,4,4,1,3,4,4,5,5,4,5,5,5,5,5,5,131,31,25,24,33,18,13,6,15,13,16,20,20,20,14,12,40,26,44
1,3,2,3,5,1,2,1,5,10,1,,6,2,6,6,2,6,2,6,6,5,3,7,5,7,3,4,5,5,4,4,4,5,4,4,4,3,4,4,3,3,3,4,3,3,3,3,4,4,3,3,3,3,3,4,4,3,3,4,3,3,4,3,4,3,3,3,4,2,4,2,4,4,2,3,2,3,3,5,5,5,5,5,5,5,5,5,103,25,19,16,27,16,15,14,13,14,12,14,17,17,15,17,31,32,45
1,3,2,1,4,1,2,1,4,8,3,,6,2,6,5,3,5,3,5,5,6,6,4,5,3,3,5,6,3,3,5,3,3,4,4,4,4,2,3,3,2,3,4,3,4,3,2,3,2,4,4,4,4,3,2,2,4,4,3,2,3,3,3,3,3,2,4,3,3,2,3,3,2,4,2,3,4,3,4,3,4,4,4,5,4,5,4,95,16,24,14,25,16,16,10,14,10,16,13,15,18,16,11,28,27,37
1,3,2,3,4,4,2,1,5,9,3,,5,3,5,3,5,4,4,5,5,5,5,5,4,5,5,5,5,5,5,5,5,5,3,3,2,3,2,2,2,3,3,3,3,3,3,3,3,3,3,3,3,3,3,3,3,3,4,2,3,3,4,3,3,3,4,3,3,3,2,3,3,3,3,3,3,3,3,4,4,4,4,4,4,4,4,4,103,25,20,22,21,15,11,9,12,12,12,16,16,16,14,14,32,28,36
1,3,2,2,5,2,2,1,3,9,5,13,5,4,4,5,5,5,3,3,6,6,5,5,5,4,5,3,6,2,3,6,3,5,4,4,4,4,2,3,3,3,4,4,3,3,4,3,4,4,4,3,4,4,4,3,4,4,3,3,2,3,4,4,3,3,4,3,4,3,2,4,3,4,3,2,3,3,4,4,4,4,5,5,5,5,5,5,98,22,22,17,27,10,16,11,14,15,15,18,19,17,16,12,37,28,42
1,3,2,3,4,2,4,1,4,9,5,6,6,4,5,6,5,5,4,5,6,6,6,5,5,6,4,5,5,3,5,6,6,6,4,4,3,3,2,2,3,2,2,3,4,3,4,4,4,3,3,3,3,3,3,2,4,3,4,3,1,2,4,4,4,2,3,4,4,3,3,4,4,4,1,1,3,4,4,4,4,4,5,5,1,5,4,5,114,27,23,21,28,15,14,9,12,15,12,16,20,19,14,9,36,23,37
1,3,2,3,4,1,2,1,4,8,5,5,5,4,5,5,5,4,5,5,4,5,5,5,5,6,6,4,6,5,5,4,6,5,3,4,4,3,3,4,3,4,3,3,2,4,3,3,4,3,3,2,3,3,3,2,3,2,3,3,1,3,3,3,2,3,3,2,3,3,1,4,3,2,2,1,2,2,3,3,4,3,4,3,3,3,4,3,109,26,21,26,22,14,14,14,12,13,11,15,14,12,13,8,29,21,30
1,3,2,3,5,1,2,1,5,7,5,6,5,5,5,5,5,6,6,5,5,5,5,5,6,5,5,5,5,5,5,5,3,5,4,4,3,3,2,2,2,2,3,3,3,2,2,2,4,3,4,4,4,4,2,4,4,4,4,4,3,4,4,4,4,3,4,4,4,4,3,4,4,4,4,2,3,4,4,4,3,4,5,4,5,4,4,4,111,25,20,24,27,15,14,8,11,11,16,19,20,20,18,15,39,33,37
1,4,2,3,2,1,6,1,3,10,1,,5,3,6,5,5,6,5,4,6,6,6,3,5,6,3,6,7,3,5,7,5,6,4,3,2,2,2,2,2,4,4,3,4,3,5,4,4,4,4,3,4,4,3,2,2,4,3,4,1,2,4,4,4,2,3,4,4,3,3,4,4,3,2,1,3,4,3,4,4,4,4,4,5,4,5,3,113,25,24,19,29,16,11,10,14,17,15,14,17,20,16,9,31,25,37
1,4,2,2,4,3,2,1,3,9,2,,5,4,5,5,5,4,5,5,6,6,6,6,5,7,5,5,5,5,4,6,5,6,4,4,3,3,2,2,3,3,4,4,4,4,3,4,4,4,4,3,4,4,2,3,3,3,4,2,2,3,3,3,3,3,3,3,4,2,3,4,3,3,2,1,2,2,3,4,5,4,5,4,5,4,5,4,115,28,22,24,26,15,14,10,16,15,15,15,17,14,11,12,32,23,40
1,4,2,2,4,4,8,1,3,10,3,,5,3,4,3,5,3,3,4,3,6,7,5,4,5,5,5,7,3,4,4,3,5,4,4,3,3,2,3,4,4,3,3,2,2,3,3,3,5,5,3,4,5,4,2,5,4,4,4,1,3,3,3,4,4,3,3,4,3,4,3,2,3,3,1,3,5,3,4,4,3,3,3,4,4,4,3,96,24,25,17,17,13,14,13,10,14,17,17,17,17,18,12,34,30,32
1,4,2,3,4,4,5,1,4,8,1,,3,2,4,6,2,5,3,5,5,6,6,4,4,3,3,5,5,2,4,6,2,4,5,5,4,2,3,4,4,4,4,4,4,4,4,3,2,4,4,4,4,4,4,3,3,4,4,3,3,4,3,3,3,4,4,4,3,3,4,4,4,3,2,2,3,4,4,4,4,3,5,4,5,4,5,4,89,17,20,12,26,14,16,15,16,13,16,18,17,19,15,16,35,31,38
1,4,2,3,4,2,7,1,3,10,1,,5,4,5,5,5,5,5,5,6,6,5,6,6,6,5,6,6,4,6,6,6,6,3,2,2,3,3,4,1,3,2,2,2,3,4,2,4,2,5,4,5,5,3,2,3,3,2,4,2,3,3,4,3,3,3,3,3,4,3,3,4,3,2,2,3,3,2,4,4,2,4,4,4,4,4,4,119,29,22,24,28,16,10,11,9,12,19,15,14,16,16,12,29,28,34
1,4,2,2,4,1,2,1,5,10,1,,5,1,6,6,5,4,3,6,6,3,3,5,3,2,2,6,4,4,3,5,3,4,2,2,2,3,4,2,2,2,3,3,2,4,3,2,4,3,4,2,3,4,3,2,4,4,4,2,1,4,4,4,4,4,4,4,3,3,3,3,3,2,4,3,3,3,3,2,3,2,3,2,2,2,3,1,89,19,15,13,24,18,9,10,12,12,13,18,16,18,16,13,34,29,20
1,4,2,1,4,1,2,1,4,9,5,8,6,3,6,4,7,5,6,5,6,6,6,6,5,6,6,2,5,4,6,6,7,6,5,3,3,4,3,4,4,3,4,3,3,4,4,4,4,4,4,4,3,4,2,2,3,3,3,2,2,3,3,3,3,4,3,3,3,2,3,3,3,4,4,1,2,3,3,4,3,4,4,4,4,5,5,4,119,31,23,26,26,13,15,14,14,16,15,14,16,15,13,12,30,25,37
1,4,2,3,4,4,2,1,4,10,3,,6,3,4,5,2,4,2,5,5,6,6,3,3,4,3,4,6,3,2,5,2,3,5,4,3,3,3,3,1,4,4,3,3,4,4,2,5,3,5,4,5,5,4,3,4,3,4,4,2,4,3,3,3,4,4,3,4,4,3,3,3,3,3,2,3,3,3,3,5,3,4,3,3,3,4,2,86,14,24,13,22,13,15,11,14,14,19,18,17,15,18,14,35,32,30
1,4,2,1,2,3,5,1,3,9,3,,6,4,6,5,2,5,5,6,6,6,6,4,5,4,4,4,5,4,4,5,4,4,4,4,4,3,3,3,2,2,3,3,3,4,4,3,4,5,5,4,5,5,4,3,4,3,3,4,3,3,4,4,3,3,3,3,4,3,3,3,4,3,3,2,2,3,3,4,4,4,4,4,4,4,4,4,104,18,23,21,26,16,15,10,13,16,19,15,17,17,17,14,32,31,36
1,4,2,3,4,4,6,1,3,10,3,,4,6,6,6,5,5,6,5,6,6,6,6,6,6,6,6,6,6,5,6,7,5,4,3,4,3,4,3,1,2,3,3,2,5,5,3,4,4,4,4,4,4,3,3,4,4,4,3,2,4,4,4,4,3,3,4,4,4,2,2,4,4,4,2,2,4,3,4,5,4,5,4,5,5,5,5,126,27,22,31,29,17,14,10,13,16,16,15,19,20,18,12,34,30,42
1,4,2,3,4,2,2,1,4,10,5,8,7,3,6,6,5,5,5,5,6,6,6,6,6,6,2,6,6,2,6,6,2,6,5,4,3,4,2,2,3,3,4,4,3,3,4,3,4,4,4,3,4,4,3,4,4,4,4,3,3,4,4,4,4,3,4,4,4,2,3,3,4,5,3,3,3,4,5,4,4,4,5,5,5,5,5,5,114,29,25,14,29,17,16,10,14,15,15,18,22,20,15,16,40,31,42
1,4,2,2,4,2,2,1,3,10,2,,6,3,3,3,4,7,3,4,4,6,5,4,6,4,4,6,5,3,3,6,4,4,3,3,3,2,3,3,4,4,3,2,2,3,4,4,3,3,4,2,4,4,4,3,3,4,3,2,3,3,4,3,3,2,3,4,3,3,2,3,4,3,3,4,3,4,3,4,4,4,4,3,4,4,4,4,97,19,22,17,26,13,11,14,10,14,14,15,15,20,15,14,30,29,35
1,4,2,3,4,1,2,1,4,10,1,,5,2,5,4,2,3,2,5,5,6,5,6,4,5,4,5,6,3,3,4,3,5,2,3,2,2,3,2,4,3,3,3,4,4,4,3,3,3,5,2,4,4,4,2,3,3,3,4,2,4,4,3,4,3,4,4,3,5,2,3,4,3,4,1,3,4,3,3,3,2,2,3,2,2,3,1,92,21,22,14,20,15,9,12,14,13,15,17,15,19,21,10,32,31,21
1,4,2,3,4,4,6,1,5,9,2,,6,3,5,5,3,3,4,5,5,5,5,5,5,6,3,5,6,3,5,4,4,5,3,4,2,2,4,4,3,4,4,3,4,4,5,4,4,3,4,4,4,4,4,3,4,3,3,2,2,4,4,4,4,3,3,4,4,3,3,3,4,4,3,3,4,4,4,4,4,4,4,4,4,4,4,5,100,24,22,17,22,15,11,15,15,16,16,18,19,19,16,14,37,30,37
1,4,2,4,4,1,3,1,2,9,5,27,2,6,6,6,6,6,6,5,6,6,6,6,6,6,6,4,6,3,5,6,5,5,3,2,2,3,2,2,4,4,4,4,3,2,5,5,4,5,5,2,3,4,2,1,3,4,4,3,2,3,4,4,4,2,4,4,4,2,2,3,4,2,1,1,2,4,2,4,4,4,5,4,5,4,5,4,119,28,20,26,30,15,10,12,13,19,14,15,16,20,12,8,31,20,39
1,4,2,3,4,1,2,1,4,10,2,,5,2,6,5,5,3,3,5,4,5,5,4,5,3,3,5,6,3,4,5,3,4,4,3,3,4,4,3,3,4,4,4,4,3,3,4,4,4,4,4,3,3,4,3,3,4,4,3,3,4,3,3,2,3,3,3,3,2,3,3,4,3,3,3,3,4,3,3,4,3,3,2,3,3,4,2,93,20,21,14,22,16,14,14,15,15,14,16,16,18,14,15,32,29,27
1,4,2,3,5,2,5,1,3,10,1,,6,2,6,6,3,5,3,5,5,5,5,3,5,3,3,5,5,3,3,5,3,3,4,2,4,4,1,1,1,3,4,4,4,4,4,4,4,4,4,4,4,4,3,1,4,4,4,4,1,4,3,3,3,3,3,3,3,3,3,3,3,3,3,3,3,3,3,4,4,4,4,3,4,4,4,4,92,15,21,14,26,16,14,6,16,16,16,17,16,16,16,11,33,27,35
1,4,2,3,4,4,6,1,2,10,1,,7,3,5,6,6,3,6,5,4,6,7,5,6,6,4,5,6,5,5,4,6,5,4,3,3,4,2,3,1,4,2,2,2,3,4,4,4,4,4,3,4,4,4,1,3,3,4,5,2,4,4,4,4,2,4,4,4,5,2,3,4,2,4,1,4,4,3,4,5,4,5,4,5,5,5,5,115,27,26,24,23,15,14,10,9,16,15,18,17,19,22,8,35,30,42
1,4,2,3,4,5,7,1,2,10,1,,6,3,3,6,6,5,2,4,3,6,5,6,4,4,2,5,6,1,2,3,3,4,2,1,2,4,2,1,5,4,5,2,5,5,4,5,4,3,5,5,5,5,1,2,5,4,4,3,2,4,5,3,2,4,5,4,3,4,5,3,4,3,2,3,1,5,4,3,4,1,4,3,4,4,5,4,89,22,23,11,21,12,9,12,17,16,20,18,17,22,12,16,35,28,32
1,4,2,3,4,1,2,1,3,10,5,6,6,3,7,6,3,6,3,6,5,6,5,6,5,7,6,4,6,6,7,6,7,7,5,4,3,2,4,3,2,4,2,1,2,4,3,4,4,4,5,4,5,4,3,2,4,4,5,1,1,4,3,3,4,1,2,4,5,1,1,2,4,4,5,1,2,4,4,4,5,3,4,4,5,4,5,3,123,30,23,25,28,17,14,13,9,15,18,14,21,19,14,6,35,20,37
1,4,2,3,5,1,2,1,4,10,3,,6,2,6,6,3,4,5,6,6,6,6,6,6,7,6,5,6,6,7,6,6,6,4,4,4,4,1,1,5,2,4,4,4,5,4,4,4,4,4,4,4,4,2,3,4,4,4,1,2,3,4,4,4,4,4,3,4,2,3,4,4,4,1,3,4,4,4,4,4,4,5,5,5,4,5,4,123,29,24,25,28,17,16,9,17,16,16,19,20,19,10,15,39,25,40
1,4,2,2,4,2,4,1,3,10,1,,6,6,6,6,6,6,7,6,6,6,6,6,6,7,6,5,6,6,7,7,6,7,5,5,4,2,2,1,4,3,5,5,4,3,2,2,4,5,5,4,4,4,2,1,4,3,4,3,1,5,2,4,4,3,4,3,5,2,1,3,3,3,2,1,3,3,4,5,5,4,5,5,5,5,5,5,136,33,24,31,31,17,16,10,17,13,17,19,20,14,13,7,39,20,44
1,4,2,3,4,4,2,1,3,10,2,,6,3,6,7,5,5,6,7,5,5,6,5,7,6,3,6,6,3,4,5,3,5,2,3,2,2,2,4,3,4,3,4,4,4,3,4,4,4,4,3,4,4,3,3,4,4,3,3,2,4,4,4,4,4,3,2,4,3,4,4,3,4,2,1,3,4,4,5,5,4,5,4,5,4,5,5,114,25,23,18,29,19,9,13,15,15,15,18,19,17,15,14,37,29,42
1,4,2,3,5,2,5,1,3,10,5,7,7,3,6,6,4,5,5,6,5,5,6,6,6,6,5,6,5,4,5,5,5,6,3,3,2,3,3,2,3,3,3,3,3,4,4,4,4,4,4,2,4,4,3,2,3,4,4,3,1,4,5,4,4,2,4,5,4,3,2,4,5,4,4,1,2,4,4,4,4,4,4,4,5,4,5,4,117,27,23,22,27,18,11,11,13,16,14,17,20,23,17,8,37,25,38
1,4,2,3,4,1,2,1,3,10,3,,5,3,4,4,5,3,3,5,4,5,5,5,4,5,5,4,5,4,5,5,5,5,4,3,2,3,2,2,3,3,3,3,3,2,4,3,4,4,4,3,4,4,3,2,4,4,3,3,2,4,3,4,4,2,3,4,4,3,3,4,4,3,3,2,3,3,4,4,5,4,5,4,5,4,5,4,98,25,20,20,20,13,12,10,11,15,15,18,18,18,16,11,36,27,40
1,4,2,3,5,1,2,1,3,10,2,,4,3,5,5,4,5,4,5,6,5,6,3,6,3,2,5,6,2,2,6,3,2,3,3,3,2,3,3,2,3,2,2,2,3,3,2,3,3,4,4,3,4,3,2,3,3,4,3,2,4,2,4,3,3,3,4,3,4,3,4,4,4,4,2,2,4,3,3,4,3,3,3,3,3,4,3,92,14,21,14,28,15,11,11,9,11,15,16,18,17,17,12,34,29,29
1,4,2,3,4,1,2,1,3,10,1,,5,4,4,4,4,4,3,5,5,5,5,4,4,4,4,4,4,4,4,4,4,5,3,3,3,3,3,2,3,3,3,3,2,3,4,4,4,4,4,3,3,4,3,3,3,3,3,2,1,3,3,2,3,2,3,3,4,4,2,2,4,3,2,2,2,3,2,4,4,3,4,4,4,4,4,4,93,21,19,19,21,13,12,11,11,16,14,13,14,16,14,10,27,24,35
1,4,2,4,4,4,2,1,5,10,1,,7,4,6,6,6,3,3,5,5,6,6,4,5,6,4,4,5,3,5,3,6,6,3,3,3,3,2,2,2,4,4,4,4,3,4,4,4,4,4,3,4,4,4,3,3,3,3,4,3,4,4,4,3,3,3,2,3,3,3,2,4,3,4,3,3,3,3,4,4,5,5,5,5,5,5,5,108,27,24,20,22,15,12,10,15,16,15,15,16,16,18,15,31,33,43
1,4,2,4,4,2,2,1,3,9,3,,5,3,4,6,3,3,5,6,6,5,5,4,6,6,4,5,6,3,5,6,3,4,3,4,3,3,2,3,3,4,4,4,3,4,4,4,5,3,4,3,4,4,4,3,3,4,3,2,2,4,4,4,5,4,3,4,3,4,3,2,4,3,5,4,3,4,3,4,4,3,4,4,4,3,4,3,103,22,21,18,27,15,13,12,15,16,15,15,16,20,20,16,31,36,33
1,4,2,3,2,1,2,1,3,10,1,,4,3,6,6,6,4,3,5,5,6,5,6,5,6,3,5,6,3,7,5,5,6,4,3,3,3,2,2,2,3,3,3,4,4,4,4,4,2,4,4,4,4,1,1,4,4,4,3,2,4,5,4,4,3,4,4,4,1,1,4,4,4,2,1,2,3,3,3,5,4,5,4,5,4,5,4,110,31,21,17,25,16,13,9,14,14,16,18,19,20,11,8,37,19,39
1,4,2,3,4,3,2,1,5,10,3,,5,2,6,5,3,3,3,6,5,5,6,6,5,6,5,6,6,3,5,5,3,6,4,4,5,4,3,4,2,3,2,3,4,5,4,4,4,2,5,5,5,5,4,3,4,4,4,4,3,4,3,4,4,4,4,4,4,4,2,3,3,2,4,4,4,4,3,4,4,3,4,4,4,4,5,4,105,26,22,16,23,18,17,12,14,14,20,19,17,18,20,16,36,36,36
1,4,2,4,4,1,3,1,2,10,1,,6,2,6,1,7,1,7,6,6,6,6,7,7,7,6,6,6,2,6,6,7,7,4,4,3,3,1,1,4,2,4,4,4,4,4,4,4,2,5,4,5,5,3,2,4,4,5,2,2,5,4,4,4,3,4,3,4,2,3,4,4,4,4,2,3,4,4,4,5,4,5,5,5,5,5,4,121,34,24,24,21,18,14,8,16,14,19,20,21,19,15,12,41,27,42
2,1,2,2,2,1,7,1,3,8,5,8,6,3,3,5,2,4,2,4,5,5,5,3,6,2,3,3,5,3,2,4,4,1,2,2,1,2,3,3,2,4,3,3,2,2,4,2,2,3,4,2,4,4,4,3,3,3,3,3,2,3,2,3,3,3,3,3,3,4,3,4,2,4,4,4,4,3,2,3,3,2,2,2,1,2,3,2,80,10,21,15,24,10,7,12,10,11,14,17,15,13,18,15,32,33,20
2,1,2,2,4,1,2,1,3,7,4,,6,6,4,4,7,2,4,5,6,7,7,7,5,7,3,5,5,3,6,5,4,5,3,2,1,1,1,3,1,4,2,2,2,5,5,5,5,2,5,1,4,4,4,1,4,4,4,2,2,4,4,5,4,3,3,4,4,3,2,4,5,4,4,2,3,4,4,5,5,4,5,5,5,5,5,5,113,32,25,20,22,14,7,9,11,17,14,18,21,21,17,10,39,27,44
2,2,2,2,4,2,4,1,3,5,5,8,6,3,4,3,3,4,3,3,5,5,5,5,5,4,3,4,5,3,4,5,3,4,4,4,4,3,3,3,2,3,5,4,5,5,4,4,4,4,4,4,5,4,2,3,3,3,3,3,3,2,3,3,2,3,3,3,3,2,3,3,2,3,4,3,3,3,2,3,3,1,2,3,3,2,2,1,89,20,21,15,22,11,15,11,19,16,17,14,14,14,13,15,28,28,20
2,2,2,2,2,1,7,1,3,9,5,6,3,5,5,6,5,4,4,6,6,4,4,5,5,7,4,5,3,2,6,5,5,6,4,4,3,4,3,3,2,4,1,1,1,3,3,3,3,4,4,3,3,4,4,2,3,4,3,3,3,2,5,4,4,3,3,3,4,2,3,3,4,4,4,2,3,4,2,5,5,4,4,4,5,4,4,4,105,29,14,20,26,16,15,12,6,13,14,14,17,20,17,13,31,30,39
2,2,2,1,4,4,2,1,3,8,2,,3,5,5,5,7,5,6,6,7,7,7,6,6,6,5,5,4,3,5,6,3,6,4,4,3,4,1,1,1,2,4,4,3,4,3,4,4,4,4,4,4,4,2,4,4,4,4,4,4,4,4,5,4,4,4,4,5,3,1,4,4,4,3,2,2,4,4,5,5,5,5,5,5,5,5,5,118,30,21,22,29,16,15,5,15,15,16,18,22,20,16,15,40,31,45
2,2,2,1,4,1,5,1,4,8,3,,5,3,5,6,2,4,4,4,3,3,3,4,4,5,5,3,3,4,5,3,5,4,4,3,2,3,2,3,4,4,3,2,2,2,2,2,3,3,4,3,4,4,2,3,3,3,4,3,3,3,3,3,4,3,3,3,2,2,2,3,3,4,3,3,3,3,2,3,2,3,3,4,2,4,2,3,87,20,14,21,20,12,12,13,9,10,15,15,15,15,14,14,30,28,26
2,2,2,2,4,2,4,1,4,8,3,,6,3,6,5,4,4,4,5,4,5,5,5,5,6,5,5,5,4,5,4,5,4,2,3,3,4,1,1,4,3,1,1,1,3,5,3,5,4,4,4,4,5,2,1,4,4,4,1,1,4,3,4,4,1,4,3,4,3,1,3,3,4,4,1,4,4,5,4,5,3,5,4,5,4,5,3,104,24,21,21,22,16,12,9,6,17,17,19,21,17,14,5,40,19,38
2,2,2,4,4,1,7,1,3,9,5,7,6,3,6,7,3,5,5,5,6,6,6,5,6,6,3,5,5,4,2,5,3,4,5,3,4,4,4,2,2,2,5,5,4,4,4,4,4,5,5,4,5,4,4,4,5,5,4,4,5,5,5,5,5,4,4,5,5,4,4,5,5,4,4,5,5,4,4,4,4,4,4,4,2,4,4,4,106,20,23,18,29,16,16,10,18,17,18,24,22,24,21,22,46,43,34
2,2,2,3,4,2,2,1,4,9,5,5,5,3,4,5,7,3,5,4,5,5,5,6,5,7,4,3,5,3,5,4,3,5,5,5,5,5,1,1,4,1,3,2,2,2,2,4,3,3,4,4,4,4,1,5,4,3,3,2,2,2,2,3,4,2,3,2,3,1,4,2,2,3,1,3,2,2,3,4,4,3,4,4,5,3,4,2,101,30,20,18,22,11,20,7,9,12,16,13,15,11,9,16,28,25,33
2,2,2,2,4,1,2,1,2,9,1,,5,3,6,6,5,4,5,5,5,6,6,4,4,4,5,6,6,2,4,4,4,3,2,2,2,2,4,3,4,4,4,4,4,4,4,4,4,5,4,3,4,4,3,3,4,4,3,3,3,4,4,4,4,4,4,3,4,2,4,4,3,4,3,3,4,4,4,4,4,3,5,4,5,4,5,4,102,20,23,19,23,17,8,15,16,17,15,20,19,18,15,17,39,32,38
2,2,2,1,4,1,2,1,4,7,5,10,6,3,5,6,6,5,5,5,6,6,6,6,6,6,3,5,6,3,5,5,3,5,3,3,3,3,1,4,3,2,4,4,4,3,1,1,2,2,3,3,3,2,3,2,4,3,4,2,1,4,3,3,3,2,4,2,4,2,2,4,3,3,4,1,4,4,5,5,4,4,4,4,5,5,5,5,112,28,24,17,28,15,12,10,15,6,11,20,19,15,14,8,39,22,41
2,2,2,3,4,1,7,1,3,8,2,,6,5,5,5,4,2,6,6,7,6,6,6,6,7,7,6,7,6,4,6,6,7,4,3,1,2,4,4,4,5,1,1,2,1,5,2,3,4,5,1,4,5,5,1,2,4,4,4,1,3,4,5,4,1,2,4,4,4,1,1,4,4,4,2,3,4,1,4,3,4,5,4,5,4,5,4,126,28,25,30,26,17,10,17,5,14,15,11,18,20,21,6,29,27,38
2,2,2,3,2,1,5,1,1,9,3,,6,4,3,5,3,3,6,5,4,5,5,5,4,6,6,6,4,5,6,5,5,6,2,3,4,3,4,4,2,3,2,2,2,2,4,4,5,3,4,4,4,4,4,1,4,4,4,2,1,4,4,4,4,1,3,4,4,4,1,2,4,2,2,1,2,4,2,3,2,2,3,2,2,2,3,2,107,26,20,26,21,14,12,13,8,16,16,15,16,20,16,5,31,21,21
2,2,2,2,4,4,2,1,2,9,2,,5,6,5,6,7,5,6,4,3,5,4,7,5,7,7,5,4,6,6,2,6,6,4,4,2,3,2,2,2,2,2,2,2,2,2,3,3,3,3,3,2,2,2,2,2,3,3,3,4,2,2,2,2,2,2,3,3,3,3,3,2,3,3,4,3,3,4,3,4,3,4,3,4,3,3,3,117,33,18,31,21,14,13,8,8,11,10,12,15,13,13,15,27,28,30
2,2,2,3,4,1,7,1,3,8,3,,6,2,5,6,5,4,4,5,6,7,7,4,5,4,3,4,5,2,5,5,6,3,3,3,3,4,2,2,3,2,3,3,2,2,3,3,3,3,3,3,3,3,4,2,3,2,3,3,3,3,3,3,3,3,3,3,3,3,3,3,3,3,2,3,2,3,4,4,3,4,4,4,4,4,3,4,103,21,25,17,26,14,13,9,10,12,12,14,16,14,15,14,30,29,34
2,2,2,3,4,1,4,1,2,8,3,,7,4,6,6,5,5,6,7,7,7,7,6,6,7,3,5,6,3,6,6,4,4,3,3,2,4,2,2,3,4,3,3,4,4,5,5,5,4,5,4,4,4,4,4,4,5,5,4,2,4,4,4,4,4,4,4,4,5,2,3,5,3,2,2,2,4,3,4,4,3,2,4,4,4,5,4,123,28,27,20,30,18,12,11,14,19,17,17,19,22,19,14,36,33,34
2,2,2,3,5,2,2,1,4,9,1,,6,3,6,6,6,6,6,6,6,6,7,7,7,7,6,3,5,3,7,7,6,6,4,4,5,5,1,1,4,2,4,4,4,4,1,2,4,4,5,5,5,5,1,4,4,3,4,1,1,3,2,4,3,5,4,3,4,1,4,4,3,4,3,4,2,2,5,5,5,5,5,5,5,5,5,5,128,33,24,24,32,15,18,8,16,11,20,17,21,13,9,18,38,27,45
2,2,2,2,4,3,2,1,5,8,3,,7,1,6,4,3,4,3,5,5,5,6,2,5,5,3,5,6,3,2,5,3,3,2,3,3,4,2,2,4,3,2,3,3,4,3,3,4,3,5,4,4,4,2,3,3,3,3,3,2,4,3,3,3,3,4,3,3,3,3,4,4,3,3,3,3,3,3,4,4,4,5,4,5,5,5,5,91,15,24,13,23,16,12,11,12,13,17,18,15,16,14,14,33,28,41
2,2,2,1,4,1,5,1,4,4,4,,5,3,5,5,4,5,3,5,7,6,6,6,7,5,3,5,5,3,4,5,3,3,5,5,5,5,1,3,4,4,4,4,4,5,3,2,4,4,4,5,4,4,1,3,3,3,3,3,3,4,3,3,4,4,3,3,4,3,3,4,4,3,4,2,4,4,3,4,4,4,5,4,5,5,5,5,103,22,22,15,29,15,20,12,17,13,17,18,16,17,15,15,34,30,41
2,2,2,3,4,1,7,1,2,7,2,,5,5,4,5,6,5,5,5,5,5,5,6,5,6,5,5,5,5,6,5,6,6,4,4,3,3,4,4,4,4,3,3,2,4,3,3,4,3,4,3,4,4,3,2,4,4,4,3,1,4,4,4,4,2,3,4,4,3,1,3,4,3,1,1,3,4,3,4,4,3,4,4,5,4,5,4,115,30,20,26,25,14,14,16,12,13,15,17,18,20,14,7,35,21,37
2,2,2,3,4,2,7,1,1,8,2,,6,3,5,5,4,5,4,4,6,6,6,5,5,7,6,6,6,3,5,4,4,2,4,4,4,4,3,3,3,3,4,4,4,4,4,4,4,4,4,4,4,4,4,4,3,3,3,4,4,4,4,4,4,4,4,4,4,4,4,3,4,4,4,4,4,4,4,5,5,4,5,5,5,5,5,5,107,23,24,20,25,15,16,12,16,16,16,18,19,19,20,20,37,40,44
2,2,2,2,4,1,5,1,4,8,5,6,5,3,5,5,4,5,3,5,5,5,4,3,6,3,3,5,4,3,3,4,3,3,4,4,5,5,4,4,3,3,4,3,4,4,3,4,3,3,3,3,3,3,3,3,3,3,3,4,4,3,4,3,3,2,2,3,3,4,3,3,3,3,3,2,3,4,4,3,4,3,3,4,3,4,2,4,89,16,18,15,25,15,18,14,15,13,12,14,16,17,17,14,30,31,30
2,3,2,2,4,1,6,1,3,9,2,,4,4,5,4,4,5,4,5,4,5,4,4,5,5,4,4,4,5,5,4,4,4,2,2,3,3,2,2,2,2,4,3,3,3,3,4,3,3,3,3,3,3,3,3,4,3,3,3,3,4,3,3,3,3,4,3,3,2,3,3,3,4,3,3,3,3,3,4,4,3,4,4,2,4,4,3,96,22,17,21,22,14,10,8,13,13,12,18,16,15,14,15,34,29,32
2,3,2,3,2,2,2,1,2,9,2,,5,4,5,5,3,5,3,5,5,5,5,3,5,3,3,5,5,3,4,5,4,4,3,3,2,2,3,2,3,2,3,3,3,3,4,4,4,4,4,4,4,4,2,2,4,3,3,3,1,3,3,3,3,3,4,4,4,3,2,4,3,3,3,3,3,3,3,3,4,3,4,3,4,3,3,3,94,17,20,17,25,15,10,10,12,16,16,18,16,16,14,11,34,25,30
2,3,2,3,4,3,5,1,3,9,3,,5,3,4,4,3,5,4,6,5,5,5,5,5,6,4,5,5,4,6,5,3,6,3,4,3,3,3,2,2,1,4,4,3,3,4,4,5,4,5,4,5,5,3,2,4,3,4,3,2,4,4,4,4,2,4,4,4,2,1,4,4,3,2,1,4,4,3,4,3,4,4,4,4,4,5,4,103,26,20,18,24,15,13,8,14,17,19,20,18,19,14,8,38,22,36
2,3,2,2,4,3,2,1,2,8,2,,6,2,5,5,1,5,5,4,6,6,6,4,6,3,2,7,7,2,3,6,2,3,3,3,2,2,3,4,2,3,3,2,3,4,3,4,4,5,5,3,5,5,3,3,3,3,3,3,1,4,3,4,4,1,3,3,3,3,1,4,4,5,4,1,3,4,4,4,4,4,4,4,4,4,5,3,96,14,25,13,28,16,10,12,12,16,18,17,19,17,17,7,36,24,36
2,3,2,3,4,1,2,1,3,10,2,,5,1,4,2,3,3,2,7,6,6,5,5,4,5,2,7,6,2,6,4,2,2,2,3,3,4,1,1,1,1,3,4,4,4,4,2,5,5,5,5,5,5,3,1,4,4,3,3,1,4,4,4,3,4,4,4,4,3,4,4,5,3,3,1,4,5,4,4,5,5,4,3,4,4,4,3,89,21,22,9,19,18,12,4,15,16,20,20,18,22,15,11,38,26,36
2,3,2,3,2,1,7,1,3,9,2,,5,1,5,5,1,1,1,6,1,5,5,2,4,2,2,6,6,2,2,1,3,1,3,1,1,3,5,4,1,4,1,1,1,3,5,5,5,4,5,4,4,4,4,3,4,4,5,5,1,5,4,4,4,3,4,4,4,4,2,3,4,4,5,1,3,3,4,2,2,1,1,4,1,1,1,1,67,8,21,9,12,17,8,14,6,19,17,19,21,19,22,10,40,32,14
2,3,2,1,4,1,5,1,4,9,5,5,4,4,4,4,4,4,4,4,4,4,4,7,7,4,4,4,4,3,4,4,4,4,5,5,5,5,2,3,3,4,5,5,5,5,4,4,4,4,4,4,4,4,3,3,3,3,3,3,1,3,3,3,3,3,3,3,3,3,3,3,3,3,3,3,3,3,3,3,4,3,4,3,4,3,3,3,93,23,16,19,23,12,20,12,20,16,16,15,15,15,15,13,30,28,30
2,3,2,3,4,3,7,1,4,10,2,,5,3,6,5,6,4,6,6,7,6,6,6,7,6,4,6,6,4,5,7,5,4,4,5,3,4,2,4,3,4,3,3,3,4,3,3,4,4,5,3,4,5,5,3,4,2,5,4,2,5,2,3,4,1,4,2,5,2,2,4,2,3,4,1,3,4,3,4,5,4,5,4,5,4,5,4,120,27,23,22,30,18,16,13,13,14,17,20,19,12,19,9,39,28,40
2,3,2,1,4,4,8,1,2,10,2,,7,3,4,4,6,4,4,6,6,7,7,5,6,6,4,4,7,3,4,4,6,6,5,4,4,4,3,4,4,3,2,4,4,4,4,4,4,3,4,4,4,5,4,3,4,4,4,2,2,4,3,4,4,4,4,3,4,3,3,4,4,4,3,3,4,4,5,4,4,4,4,4,5,5,5,5,113,27,28,20,24,14,17,14,14,15,17,20,21,18,16,15,41,31,40
2,3,2,4,4,1,5,1,2,10,3,,2,1,6,5,2,2,1,5,4,5,3,2,1,1,1,6,5,4,2,1,2,1,5,5,4,5,2,2,1,1,3,2,2,4,5,5,5,4,5,4,5,5,5,1,4,4,4,2,1,3,3,4,4,4,4,4,3,4,3,1,3,2,2,1,5,3,3,4,4,3,4,3,3,3,4,4,62,8,15,9,13,17,19,6,11,19,19,17,16,17,17,10,33,27,32
2,3,2,1,4,2,7,1,1,8,5,7,5,3,5,5,3,5,4,4,5,5,5,3,5,3,3,4,5,3,3,5,3,3,2,3,3,3,4,4,3,4,3,3,3,4,3,4,4,3,3,3,3,3,4,3,3,3,4,4,2,4,3,3,3,3,3,3,3,3,3,3,2,3,4,2,4,3,3,4,4,4,4,3,4,4,4,4,89,15,20,16,25,13,11,15,13,14,12,17,16,14,18,13,33,31,35
2,3,2,4,4,3,7,1,4,9,5,11,5,4,5,5,3,6,3,5,5,5,5,4,5,3,2,5,6,3,2,5,3,2,4,3,3,5,5,3,4,3,4,4,4,4,4,3,4,4,4,2,4,4,4,3,3,4,4,3,3,3,3,4,4,4,4,4,4,4,4,4,3,4,4,4,4,4,4,2,3,2,2,2,2,3,3,3,91,14,21,15,26,15,15,15,16,15,14,18,20,18,19,18,38,37,22
2,3,2,1,4,2,2,1,4,9,2,,6,4,5,6,2,6,5,6,6,6,6,4,6,6,5,5,5,5,6,5,5,4,3,3,3,3,3,4,3,4,3,3,3,3,4,4,4,4,4,3,3,4,3,3,3,3,3,3,3,3,3,3,3,3,3,3,3,3,3,3,3,3,3,3,3,3,3,3,4,3,4,3,4,3,3,3,114,22,23,24,29,16,12,14,12,16,14,15,15,15,15,15,30,30,30
2,3,2,3,4,4,7,1,2,9,5,20,6,5,4,6,6,6,3,6,6,6,6,6,6,6,4,5,6,3,6,6,3,6,2,4,2,2,1,1,2,2,4,4,2,3,3,2,4,4,4,3,4,4,2,4,4,4,4,2,2,4,4,4,4,3,4,4,4,3,4,4,4,4,2,3,3,4,4,4,4,4,5,4,5,4,5,4,117,30,24,18,30,15,10,6,13,13,15,19,20,20,13,16,39,29,39
2,3,2,3,4,1,7,1,5,9,4,,7,3,6,6,3,6,5,6,6,3,6,4,6,5,6,6,7,3,6,6,6,5,4,4,4,4,1,1,2,1,3,4,2,1,4,4,4,5,5,4,5,3,3,4,4,4,5,4,3,5,3,4,3,4,4,3,4,3,4,4,3,4,5,4,3,4,4,4,3,2,3,4,5,3,5,4,117,23,23,23,30,18,16,5,10,17,17,20,21,17,18,19,41,37,33
2,3,2,3,4,1,7,1,2,1,1,,3,4,3,4,4,4,5,3,5,6,5,2,3,5,4,4,4,4,3,5,4,4,5,4,4,4,3,3,4,4,4,3,3,4,5,5,5,4,4,4,4,4,3,4,3,2,2,3,3,3,4,4,3,3,3,4,4,3,3,3,4,4,3,3,3,4,4,3,4,3,3,4,2,4,3,3,88,18,18,21,21,10,17,14,14,19,16,15,18,18,15,16,33,31,29
2,3,2,1,4,1,2,1,4,6,1,,4,3,4,4,4,5,3,5,4,5,4,4,4,3,4,4,4,4,3,5,4,3,3,3,4,4,3,3,3,3,4,3,3,4,3,4,4,3,3,3,4,4,3,4,3,4,3,4,3,4,3,4,4,3,4,4,3,3,4,3,3,4,4,3,4,4,4,3,4,3,4,4,4,4,4,4,87,17,17,18,22,13,14,12,14,14,14,18,18,18,18,17,36,35,34
2,3,2,3,4,1,7,1,3,10,3,,6,2,6,6,6,6,3,6,6,6,6,6,6,6,3,6,6,3,6,6,5,6,5,5,5,5,2,3,4,4,5,5,5,5,4,5,5,5,5,5,5,5,4,3,4,4,4,3,1,5,4,4,4,3,4,3,4,2,3,3,2,3,2,2,3,3,3,5,5,4,5,5,5,5,5,5,118,30,24,16,30,18,20,13,20,19,20,19,18,16,15,12,37,27,44
2,3,2,4,2,1,4,1,4,8,2,,6,1,6,7,3,4,1,4,4,6,7,2,6,4,2,6,7,2,4,4,2,3,5,5,3,3,2,2,2,4,3,3,3,2,4,4,4,4,5,3,5,5,3,1,3,4,3,2,1,3,4,4,5,1,2,4,4,3,1,2,4,3,3,1,4,4,3,4,4,3,3,3,3,3,4,3,91,16,26,8,25,16,16,10,11,16,18,14,17,20,16,5,31,21,30
2,3,2,3,4,1,2,1,3,9,4,,6,3,5,6,2,6,3,4,4,5,5,2,5,3,2,6,6,3,3,6,2,3,4,3,4,4,3,3,4,4,3,3,3,4,4,4,3,3,3,4,4,4,4,3,3,4,4,4,3,3,3,4,4,4,3,3,4,3,3,4,4,3,3,4,3,3,4,3,4,3,3,4,3,3,4,3,90,13,22,13,27,15,15,14,13,14,15,16,19,17,18,17,35,35,30
2,3,2,2,4,2,2,1,3,10,1,,5,3,4,5,4,4,3,4,5,5,5,4,4,3,3,4,5,3,3,4,3,4,4,4,3,4,3,2,4,4,4,4,4,5,5,2,4,3,5,3,5,5,3,2,3,3,3,3,3,3,2,3,3,3,4,3,3,2,2,2,2,3,3,2,2,3,2,3,3,3,2,3,3,2,5,3,87,18,20,15,22,12,15,13,17,14,18,14,14,13,14,12,28,26,27
2,3,2,4,4,4,7,1,3,10,1,,6,3,5,5,6,3,5,6,4,5,5,4,5,4,3,5,6,2,5,3,3,3,2,4,4,4,2,4,4,3,4,4,3,2,4,2,4,4,4,2,4,4,4,4,3,4,4,1,2,4,3,4,4,4,3,2,4,4,2,4,3,3,2,3,3,4,2,3,3,3,3,3,4,3,3,2,96,22,22,16,20,16,14,13,13,14,14,17,17,16,15,15,34,30,27
2,3,2,3,5,1,2,1,5,10,5,6,5,3,3,5,6,4,4,5,5,5,4,3,4,4,3,5,5,4,6,5,3,6,4,4,4,2,2,2,4,4,4,4,4,4,2,4,4,4,4,4,4,4,3,4,4,3,4,2,2,4,3,4,4,4,4,3,4,3,4,3,3,3,3,4,4,3,3,4,5,4,5,4,5,4,5,3,97,25,19,17,23,13,14,12,16,14,16,19,18,15,15,18,37,33,39
2,3,2,3,4,3,2,1,4,9,1,,5,2,4,4,4,4,3,5,5,5,5,4,5,4,3,5,5,3,3,5,3,4,4,4,4,4,3,3,3,2,4,4,3,3,4,4,4,4,5,5,5,5,4,3,3,2,4,3,3,4,3,2,3,3,4,3,3,4,3,3,3,3,3,3,3,3,2,3,4,3,4,3,4,3,3,3,90,19,20,14,23,14,16,11,14,16,20,17,14,14,17,15,31,32,30
2,3,2,3,4,4,7,1,3,9,1,,5,4,5,4,5,4,5,5,6,5,5,5,4,5,4,6,6,2,4,3,5,4,4,4,3,3,4,2,3,3,2,3,3,3,3,4,4,5,4,4,3,4,1,4,3,4,3,3,3,4,4,4,1,3,4,3,3,1,5,5,4,4,1,5,2,4,4,5,4,4,4,4,5,5,5,5,101,23,21,20,21,16,14,12,11,16,15,18,18,19,7,20,36,27,41
2,3,2,3,4,2,2,1,4,9,2,,7,1,5,3,3,2,3,7,5,6,6,3,6,4,3,6,6,4,4,4,3,3,2,2,2,3,4,3,4,4,2,2,2,2,2,2,2,2,4,2,4,3,2,3,4,4,4,2,3,4,3,4,4,3,4,3,4,2,2,4,3,2,3,3,3,3,4,4,4,3,5,4,4,4,5,3,94,17,25,14,20,18,9,15,8,8,13,19,18,16,13,14,37,27,36
2,3,2,4,4,4,8,1,3,10,3,,3,2,5,2,2,2,2,4,4,4,5,1,2,1,2,6,6,2,1,2,2,2,4,4,2,4,3,2,1,2,2,2,2,3,4,4,5,4,4,2,4,4,4,2,4,4,4,2,1,4,4,4,4,3,4,4,3,4,1,3,4,3,3,2,3,4,3,1,2,1,1,1,1,1,1,1,62,7,18,10,12,15,14,8,9,17,14,18,17,20,17,9,35,26,10
2,3,2,3,4,4,2,1,4,9,3,,6,3,5,6,3,5,5,5,5,6,7,4,5,6,3,5,6,3,4,5,3,4,4,4,3,4,2,4,3,4,3,3,3,3,4,4,4,4,4,3,5,5,2,3,2,3,4,3,3,3,4,4,4,4,4,2,3,3,4,4,2,4,4,4,3,4,4,4,3,4,4,3,5,4,5,4,104,21,25,17,26,15,15,13,12,16,17,16,19,15,16,18,35,34,36
2,3,2,2,2,2,2,1,2,9,3,,4,4,4,5,4,5,4,4,5,5,5,4,4,4,4,4,4,4,4,4,4,4,3,3,3,3,3,3,3,3,3,3,3,3,3,4,3,3,4,3,4,4,3,3,3,3,4,3,2,4,3,2,3,3,3,3,3,3,3,4,3,4,2,2,3,3,2,3,4,3,4,3,4,3,3,3,93,20,18,20,23,12,12,12,12,13,15,17,15,15,14,13,32,27,30
2,4,2,3,4,2,7,1,4,10,1,,5,4,5,4,5,3,6,5,4,4,5,4,5,3,4,5,5,5,3,4,4,3,2,3,2,2,2,2,1,2,2,2,2,3,4,3,4,4,4,3,4,4,3,2,3,3,2,3,1,3,4,3,4,1,3,4,2,4,1,2,4,1,5,1,1,4,1,4,3,4,4,4,5,4,5,4,95,18,19,23,20,15,9,7,9,15,15,12,9,19,19,6,21,25,37
2,4,2,3,5,4,2,1,2,10,2,,6,3,6,6,3,6,3,6,7,6,6,5,6,5,2,6,6,3,5,6,2,5,5,5,5,5,3,3,4,4,5,5,4,3,3,4,4,4,5,5,5,5,4,3,4,4,3,3,4,4,4,4,4,4,3,4,4,4,3,3,4,3,4,4,4,4,3,4,3,2,4,3,3,2,4,2,109,23,24,13,31,18,20,14,17,15,20,18,17,20,19,18,35,37,27
2,4,2,2,4,1,2,1,3,6,5,10,5,3,5,3,2,4,5,6,4,6,6,4,3,4,5,7,6,3,5,3,4,4,5,5,5,5,4,4,4,3,5,5,5,5,3,4,4,4,5,5,5,5,5,2,4,5,4,4,1,2,2,4,4,4,4,2,3,5,5,2,2,2,2,2,1,3,1,3,3,2,3,3,3,2,3,2,97,19,23,20,17,18,20,15,20,15,20,13,14,14,20,14,27,34,24
2,4,2,3,4,3,7,1,4,10,5,10,5,2,4,5,2,5,3,5,6,5,5,3,5,4,2,5,6,2,4,5,2,3,3,3,4,4,2,2,4,5,3,4,3,4,3,3,4,4,4,4,4,4,3,3,4,3,4,3,3,4,3,3,4,3,4,3,4,2,3,4,3,4,4,3,3,3,3,3,4,2,3,3,3,3,3,3,88,16,21,11,26,14,14,13,14,14,16,19,18,15,16,15,37,31,27
2,4,2,1,2,1,8,1,3,9,4,,5,3,7,6,4,2,7,5,7,6,5,3,5,4,3,5,3,4,4,6,4,4,4,4,3,3,3,2,1,3,4,4,3,3,4,3,4,4,4,3,3,3,4,1,4,4,4,5,1,4,4,4,4,3,4,5,4,5,3,1,5,4,5,1,1,4,3,4,4,3,3,4,5,3,5,3,102,19,19,21,26,17,14,9,14,15,13,14,19,22,23,9,33,32,34
2,4,2,3,2,4,7,1,1,10,2,,5,4,5,5,4,3,5,5,5,4,5,6,5,3,4,5,4,6,4,4,5,4,4,4,4,4,3,3,1,4,3,3,3,2,3,2,4,4,5,5,5,5,3,3,2,2,4,4,2,2,2,3,4,4,2,3,3,4,3,2,2,3,4,3,3,3,2,3,4,2,3,3,4,2,4,3,100,21,18,24,22,15,16,11,11,13,20,11,15,12,19,15,26,34,28
2,4,2,3,4,4,4,1,3,10,3,,4,3,4,5,3,5,5,4,4,5,6,5,5,5,4,4,5,3,2,4,3,3,4,2,3,3,3,3,3,4,3,2,2,3,4,4,4,4,5,4,4,5,3,3,2,3,4,2,1,2,3,3,3,3,3,3,3,2,3,4,3,3,3,3,3,3,2,1,2,2,2,1,2,2,1,1,91,18,20,18,23,12,12,13,10,16,18,14,15,15,13,13,29,26,14
2,4,2,3,4,2,7,1,2,10,2,,6,4,6,6,4,5,4,6,6,6,6,6,6,6,6,6,6,4,5,5,3,6,4,4,4,4,3,2,2,4,4,3,4,5,3,4,4,4,4,3,4,4,3,1,4,4,3,1,1,2,3,4,4,2,3,3,4,1,2,2,3,4,1,1,3,4,5,4,5,4,5,4,5,4,5,4,118,27,24,21,28,18,16,11,16,15,15,14,20,17,10,7,34,17,40
2,4,2,3,4,1,2,1,5,10,3,,6,4,5,3,4,2,5,5,4,5,5,3,3,4,4,5,5,2,3,2,2,3,5,5,4,5,2,2,2,2,3,3,3,4,4,5,4,4,4,3,3,4,4,2,3,3,2,4,2,4,4,4,4,4,4,3,3,4,2,3,3,4,3,2,3,3,3,2,2,3,4,3,3,3,3,2,84,17,21,17,14,15,19,8,13,17,14,17,16,16,19,12,33,31,25
2,4,2,3,4,2,7,1,4,9,2,,5,3,6,6,6,5,5,5,5,5,5,6,5,6,4,6,5,5,6,5,5,6,5,3,3,4,3,2,2,2,4,4,4,3,4,4,4,4,4,4,4,4,2,2,4,4,4,3,1,4,4,4,4,2,4,4,4,3,1,4,4,3,3,2,3,4,2,3,5,3,5,4,5,4,5,3,115,30,20,22,26,17,15,9,15,16,16,19,17,20,15,8,36,23,37
2,4,2,3,2,1,4,1,2,10,1,,5,3,4,5,5,3,5,5,3,5,5,3,4,5,5,3,3,5,5,3,5,5,2,3,2,3,2,2,4,4,3,3,3,3,3,2,2,2,4,3,2,3,4,1,1,1,1,1,1,1,1,2,2,2,2,2,2,2,2,2,2,2,1,1,1,1,1,3,3,3,3,2,4,2,4,2,94,23,18,23,18,12,10,12,12,9,12,7,8,7,10,7,15,17,26
2,4,2,3,5,4,7,1,3,10,3,,5,4,5,5,6,5,4,5,5,6,6,5,5,6,5,4,5,4,4,5,5,4,3,3,2,3,3,3,3,4,4,4,3,4,4,4,4,4,4,3,4,4,3,2,4,3,4,2,1,4,3,4,4,4,4,4,4,3,2,3,3,4,3,2,3,4,4,4,4,3,3,3,4,3,4,3,108,25,22,22,25,14,11,13,15,16,15,18,20,17,15,11,38,26,31
2,4,2,3,2,1,4,1,3,10,1,,7,1,5,4,4,5,4,5,5,6,6,4,5,4,3,6,5,3,3,5,4,5,4,2,3,3,3,3,4,4,2,2,2,4,3,4,4,5,4,5,5,5,4,4,4,3,3,3,3,3,4,4,4,3,4,4,4,2,3,3,3,3,3,3,3,3,3,3,3,3,3,2,4,4,3,3,99,20,24,15,24,16,12,14,10,16,19,17,17,17,16,16,34,32,28
2,4,2,3,4,3,2,1,5,10,5,7,7,2,6,6,4,4,4,6,6,6,4,5,6,2,2,7,6,3,4,4,2,4,4,3,3,3,1,1,1,1,5,5,4,4,3,1,4,5,5,4,5,4,1,3,5,2,5,1,4,1,3,4,2,4,3,3,4,1,5,4,3,5,5,4,2,1,5,4,4,4,5,4,5,4,5,3,100,19,23,13,26,19,13,4,18,13,18,15,23,12,10,20,38,30,38
2,4,2,3,4,1,2,1,2,10,2,,5,3,3,6,6,5,3,6,6,7,6,7,6,7,3,5,7,3,4,5,5,5,4,3,2,4,1,2,2,3,2,3,2,4,3,4,4,4,5,3,3,4,4,3,2,3,3,3,2,3,3,4,4,3,3,2,4,4,3,2,3,3,5,4,3,3,4,4,5,4,5,4,5,4,5,4,113,29,25,17,28,14,13,8,11,15,15,13,18,14,20,15,31,35,40
2,4,2,3,4,3,2,1,5,10,2,,6,5,5,6,3,3,5,6,5,5,5,3,3,3,3,6,6,2,3,3,2,3,3,2,2,3,4,3,4,4,2,2,1,4,4,2,3,4,4,4,4,4,3,3,3,4,3,2,3,3,3,2,4,3,3,3,2,3,4,3,3,2,3,3,4,3,3,4,4,3,3,2,4,2,4,2,91,15,22,17,20,17,10,15,9,13,16,16,12,16,15,16,28,31,28
2,4,2,3,4,2,7,1,1,1,1,,4,4,4,3,5,3,4,4,4,3,3,5,4,4,4,3,3,5,5,4,4,4,3,3,3,3,3,3,3,2,2,2,2,3,3,3,3,2,2,2,2,2,3,3,3,3,3,3,3,4,4,4,4,4,3,3,3,3,3,3,4,4,4,4,4,4,4,4,4,4,4,4,4,4,4,4,86,23,13,21,18,11,12,11,9,11,8,17,18,18,17,17,35,34,36
2,4,2,3,5,3,2,1,3,10,3,,6,4,5,4,2,5,3,5,5,6,6,3,5,5,3,5,6,2,4,4,3,3,4,3,3,2,3,2,1,2,3,3,3,4,4,4,4,4,5,4,4,4,4,1,3,3,3,2,1,3,2,3,2,3,2,3,3,4,3,3,3,2,3,2,3,3,2,4,4,3,4,4,4,4,4,4,94,17,24,15,23,15,12,8,13,16,17,14,13,14,15,10,27,25,35
2,4,2,4,4,3,2,1,4,10,5,7,7,4,4,4,6,1,4,4,4,4,2,4,2,4,5,4,1,4,1,1,4,4,3,3,3,3,3,3,3,3,5,5,5,5,5,5,5,2,5,5,5,4,4,3,5,5,5,4,1,3,4,5,5,3,3,5,5,5,1,3,4,1,1,1,1,5,1,3,2,1,5,1,5,1,3,1,78,19,14,21,12,12,12,12,20,17,19,15,17,23,19,9,32,28,22
2,4,2,3,5,2,7,1,5,10,1,,4,5,6,3,6,3,4,6,4,7,7,7,5,7,7,5,5,3,7,1,2,7,5,4,4,4,2,2,3,2,3,2,2,2,4,4,4,4,5,5,5,5,3,4,4,4,4,5,4,4,4,4,4,3,3,3,3,4,4,4,3,3,4,4,4,2,2,3,2,4,3,4,4,3,3,3,111,34,23,21,16,17,17,9,9,16,20,19,16,16,20,19,35,39,29
2,4,2,3,4,3,2,1,2,10,3,,6,3,6,6,5,4,2,6,6,6,6,3,5,4,4,7,6,2,4,4,4,4,3,3,4,4,4,4,4,4,3,3,3,4,4,4,4,4,4,4,4,4,3,3,3,2,3,3,4,4,3,4,4,4,4,3,4,3,3,4,3,4,4,4,4,4,3,4,2,4,2,4,4,4,4,4,103,20,24,15,25,19,14,16,13,16,16,19,18,15,17,18,37,35,32
2,4,2,3,4,4,7,1,4,10,1,,5,4,3,5,4,5,3,5,4,5,5,3,5,3,3,5,5,2,3,4,3,2,4,2,3,3,4,4,4,4,3,3,3,3,3,3,4,4,4,3,4,4,4,2,3,4,4,4,4,4,5,3,4,4,4,5,3,4,3,3,4,3,3,2,3,3,2,3,2,3,3,3,3,2,4,3,86,15,20,15,23,13,12,16,12,14,15,17,15,21,19,15,32,34,26
2,4,2,2,4,2,8,1,3,10,1,,6,4,5,6,6,5,5,6,5,6,6,6,5,7,6,5,6,3,6,5,6,5,3,3,2,3,2,3,2,4,4,3,3,4,4,4,5,5,5,3,4,4,2,3,3,4,4,2,1,4,3,4,4,2,3,3,5,2,3,3,4,5,3,1,3,3,4,5,5,4,5,5,5,5,5,5,120,30,24,24,26,16,11,11,14,18,16,16,22,17,13,10,38,23,44
2,4,2,3,5,3,7,1,3,10,2,,6,3,6,5,5,5,5,6,5,5,5,6,5,6,3,6,5,3,5,5,6,6,2,3,3,2,4,3,2,4,5,5,4,4,4,3,4,4,5,4,5,5,4,3,4,4,4,3,3,4,4,3,3,3,3,4,3,4,2,3,3,2,3,2,3,4,2,3,3,4,4,3,4,3,3,3,112,28,21,20,25,18,10,13,18,15,19,17,14,19,17,13,31,30,30
2,4,2,3,4,1,2,1,2,9,2,,5,3,4,5,5,3,4,5,5,5,5,5,6,6,4,5,5,3,6,5,4,4,4,3,3,3,3,4,2,2,4,4,3,4,3,4,4,3,5,3,4,4,4,3,4,3,2,4,2,4,4,4,4,3,3,3,4,3,3,3,4,3,4,3,4,4,3,3,3,2,4,2,2,2,2,1,102,26,20,18,24,14,13,11,15,14,16,18,16,18,19,14,34,33,21
2,4,2,3,4,1,6,1,2,10,2,,5,2,4,5,2,2,4,5,3,6,5,4,5,5,4,6,6,4,4,4,5,5,3,2,2,2,3,4,2,4,1,1,1,1,4,4,4,4,4,1,1,3,4,2,2,4,2,4,1,3,4,3,4,1,1,4,1,4,1,1,4,2,4,1,1,2,1,3,3,2,2,3,4,3,3,3,95,20,22,19,19,15,9,13,4,16,9,8,9,18,20,6,17,26,26
2,4,2,3,4,2,6,1,4,10,1,,6,2,4,5,3,4,3,6,6,5,5,2,5,2,2,6,5,3,3,6,2,3,5,5,4,4,3,3,4,4,4,4,4,5,4,4,5,4,4,4,4,5,3,4,4,4,3,4,4,4,4,4,4,4,4,4,5,5,4,4,4,5,4,4,4,4,4,4,3,4,4,3,3,3,3,3,88,13,21,12,26,16,18,14,17,17,17,20,21,20,20,20,41,40,30
1,3,4,1,4,1,5,1,2,8,3,,6,3,3,4,3,3,5,5,5,5,5,4,5,5,5,5,5,5,4,4,5,5,2,3,2,3,2,2,2,4,3,2,3,4,4,4,4,4,4,2,4,5,4,1,4,4,4,4,1,5,4,4,4,4,5,5,4,4,1,4,3,4,3,2,4,5,3,4,4,3,4,3,4,3,4,3,99,21,21,23,21,13,10,10,12,16,15,22,19,21,19,9,41,28,32
1,3,4,3,4,2,2,1,4,4,5,10,5,2,5,2,3,2,3,5,3,4,4,3,3,3,3,5,6,3,2,3,4,2,3,3,3,3,4,3,5,4,3,3,3,4,2,2,2,4,3,3,3,3,3,3,3,3,3,3,3,3,3,3,3,3,4,3,3,3,3,3,3,3,3,2,3,3,4,3,3,3,4,3,4,3,3,3,75,13,19,15,13,15,12,16,13,10,12,16,16,15,15,14,32,29,29
1,4,4,2,4,3,6,1,5,3,3,,4,3,5,4,4,5,3,4,4,5,5,4,5,3,5,3,4,4,3,5,3,2,4,3,4,4,3,3,4,4,3,3,2,3,2,2,3,2,5,4,4,3,3,4,4,4,3,3,2,3,3,3,4,4,4,3,3,3,4,3,3,3,3,2,3,3,4,2,3,3,2,2,3,2,4,2,87,16,18,18,23,12,15,14,11,9,16,17,16,16,16,16,33,32,23
1,4,4,2,4,4,2,1,4,7,3,,5,3,6,4,6,5,5,5,5,5,6,6,5,7,4,5,5,5,6,6,6,7,4,5,3,4,1,2,1,2,4,3,3,4,3,3,4,3,5,4,5,5,3,2,3,4,3,1,1,2,3,3,2,2,3,4,2,3,1,1,4,2,2,1,2,4,4,5,3,4,5,5,5,5,5,4,117,32,21,23,25,16,16,6,14,13,19,11,14,19,11,7,25,18,41
1,4,4,3,2,1,6,1,4,7,5,6,5,4,5,5,6,4,5,5,5,6,5,5,5,5,5,5,5,4,4,5,5,4,4,4,3,3,1,2,3,3,4,4,4,3,3,4,3,3,3,2,3,3,3,2,3,3,3,2,2,3,3,3,3,2,2,3,3,4,2,2,4,3,3,2,2,3,3,4,4,3,5,4,5,5,5,5,107,24,21,23,24,15,14,9,15,13,11,12,15,16,15,10,27,25,40
1,4,4,3,4,1,2,1,4,6,5,9,5,3,5,6,3,5,3,5,5,5,5,4,5,4,4,5,5,3,3,5,3,4,3,3,3,3,4,3,3,3,3,3,3,4,3,4,3,3,3,3,3,3,3,3,3,3,3,3,3,3,3,4,3,3,3,3,4,3,3,4,3,3,3,3,3,3,3,3,4,3,4,3,4,3,3,3,95,18,20,16,26,15,12,13,13,13,12,16,17,15,15,15,33,30,30
1,2,4,2,4,1,2,2,2,7,2,,4,5,4,5,4,4,3,4,3,4,4,3,4,3,3,4,4,4,5,4,4,3,4,3,3,4,3,4,4,3,3,4,3,4,3,4,4,3,4,3,3,4,3,3,3,4,3,3,2,3,3,4,3,3,3,2,3,4,3,3,3,3,3,3,3,2,4,3,3,2,3,4,3,4,3,3,85,18,16,19,20,12,14,14,14,14,14,15,17,14,16,14,32,30,28
1,3,4,2,4,1,6,2,2,2,5,7,4,3,6,7,4,5,4,5,5,4,6,6,7,2,1,6,6,2,3,5,3,3,5,5,4,3,3,3,4,4,5,5,4,4,4,3,3,3,4,4,4,4,3,3,3,4,4,3,3,2,4,4,5,5,4,5,5,4,4,5,5,5,4,4,4,3,3,4,3,3,3,4,2,4,4,3,97,18,20,13,29,17,17,14,18,13,16,18,21,21,19,19,39,38,30
1,4,4,3,2,5,4,2,1,2,2,,4,3,4,6,1,3,4,5,7,7,5,1,7,4,4,5,6,3,4,7,3,2,5,5,2,2,3,1,5,4,4,4,3,3,3,4,4,4,5,3,3,4,3,2,4,4,4,4,3,3,3,4,4,5,5,3,4,3,4,5,5,3,3,3,2,4,4,3,2,3,1,5,5,4,5,3,95,12,22,17,30,14,14,13,14,15,15,19,19,19,17,17,38,34,31
1,4,4,3,5,1,2,2,4,1,1,,4,3,6,4,4,5,4,5,5,6,5,3,6,3,2,5,6,3,3,6,3,3,3,2,2,2,3,3,4,4,3,3,4,3,5,3,4,4,5,4,5,5,3,3,4,4,4,3,2,4,4,4,4,3,4,4,4,4,3,4,4,4,3,4,4,3,4,3,4,3,4,3,4,3,5,3,94,16,21,15,26,16,9,14,13,16,19,20,20,19,17,15,40,32,32
2,3,4,3,2,4,4,1,2,9,5,5,2,2,4,5,2,4,4,4,4,3,3,2,3,2,2,2,4,2,4,4,4,2,3,3,3,3,4,4,3,4,4,4,3,3,5,2,5,4,5,5,5,5,2,1,1,3,4,2,1,3,3,4,4,2,2,4,3,3,1,1,3,4,1,1,1,4,1,3,2,2,1,1,5,1,1,1,68,12,12,14,20,10,12,15,14,16,20,8,16,17,12,6,24,18,17
2,4,4,4,4,3,2,1,4,9,1,,4,4,5,4,3,5,4,4,4,5,5,3,4,4,4,4,4,4,4,4,4,4,3,3,3,3,3,3,3,3,3,3,3,4,4,4,3,3,3,3,3,3,3,3,3,3,3,3,3,3,3,3,2,2,3,3,3,3,2,2,3,3,3,3,3,2,2,3,4,3,2,3,3,2,3,3,90,18,18,20,21,13,12,12,13,14,12,14,14,14,14,13,28,27,26
2,4,4,3,4,4,4,1,2,3,2,,6,2,6,5,3,5,3,5,5,5,5,4,5,4,3,4,5,3,4,5,3,4,4,4,4,4,2,2,2,2,4,3,3,3,4,4,4,4,4,4,4,4,2,3,3,2,2,2,3,3,2,3,3,3,3,3,4,4,2,3,3,3,3,3,3,3,3,3,3,2,4,2,4,1,5,1,94,19,21,14,25,15,16,8,13,16,16,15,15,13,14,14,30,28,25
2,4,4,2,2,2,7,2,1,4,2,,4,3,6,6,1,3,3,5,5,4,3,2,2,2,3,5,4,3,3,4,3,1,3,2,3,2,1,2,3,4,4,4,5,4,4,2,4,3,5,2,4,5,3,1,4,3,4,2,1,5,4,4,4,3,3,3,5,3,1,1,2,3,3,1,2,2,3,2,2,1,2,1,2,1,2,1,75,9,15,15,20,16,10,10,17,13,16,15,19,14,15,7,34,22,14
2,4,4,3,5,1,2,2,3,5,2,,6,2,6,5,2,4,4,4,4,5,5,3,4,4,3,5,6,3,3,3,4,3,3,2,1,3,4,3,3,3,4,4,3,3,3,3,4,3,4,3,4,3,3,2,3,3,3,3,1,3,3,3,2,1,3,3,4,2,3,4,3,3,2,1,3,3,4,3,4,2,4,1,5,1,5,1,88,15,22,16,20,15,9,13,14,13,14,16,17,15,12,8,33,20,26
2,4,4,3,5,3,8,2,2,1,2,,6,2,6,6,1,4,3,6,6,6,6,2,6,2,2,6,6,2,3,6,2,3,5,5,5,5,1,1,4,3,4,4,4,4,4,4,4,4,4,4,4,4,3,2,3,3,3,3,1,3,3,3,3,3,3,3,3,3,3,3,3,3,3,3,3,3,3,4,4,1,3,3,3,3,3,3,92,11,24,11,28,18,20,9,16,16,16,15,15,15,15,12,30,27,27
2,4,4,2,4,1,7,2,3,2,2,,7,4,6,6,7,5,5,5,6,7,7,6,6,7,6,6,6,4,5,6,6,7,3,3,4,3,1,3,2,4,2,2,4,4,3,4,4,5,5,4,4,5,4,1,4,4,4,4,1,4,4,4,4,2,3,4,4,4,2,3,4,4,4,1,3,4,3,5,5,4,5,5,5,5,5,5,130,32,27,25,29,17,13,10,12,16,18,17,19,20,20,7,36,27,44
2,4,4,3,2,1,7,2,2,4,1,,6,3,5,5,3,5,3,4,5,5,5,3,5,4,3,5,6,4,4,5,5,4,1,3,3,2,3,3,4,4,3,2,2,2,3,2,4,4,5,2,4,5,3,3,4,4,4,2,3,4,4,4,3,3,4,3,4,3,3,2,3,3,3,2,3,3,2,4,4,3,4,1,1,2,2,1,97,18,22,18,25,14,9,14,9,13,16,17,17,17,14,14,34,28,22
2,4,4,3,4,1,7,2,2,5,3,,4,4,5,4,3,5,3,5,5,5,4,4,5,4,3,4,5,5,3,4,3,4,3,3,3,3,3,3,2,2,4,4,3,3,5,4,4,5,5,3,3,4,4,2,2,4,3,3,1,3,4,4,5,1,3,5,3,4,2,3,5,3,3,1,3,3,3,4,3,3,3,3,3,3,3,3,91,18,18,18,23,14,12,10,14,18,15,14,16,21,19,7,30,26,28
